local_ts,local_ts_ms,session_id,sequence,sample_rate_hz,watch_sent_at,phone_received_at,server_received_ms,source,ts,ax,ay,az,rx,ry,rz
2026-05-06T18:54:25.178000+00:00,1778093665178,S023,1,51.70818185068342,1778093664622,1778093665187,1778093665178,watch_phone_bridge,1778093664462,0.009316235780715942,-0.029357537627220154,-0.002203822135925293,-0.021494459360837936,0.007991375401616096,0.03025970794260502
2026-05-06T18:54:25.178000+00:00,1778093665178,S023,1,51.70818185068342,1778093664622,1778093665187,1778093665178,watch_phone_bridge,1778093664466,0.0014029592275619507,-0.03667653352022171,0.005194902420043945,-0.07559391111135483,0.018079545348882675,0.033525221049785614
2026-05-06T18:54:25.178000+00:00,1778093665178,S023,1,51.70818185068342,1778093664622,1778093665187,1778093665178,watch_phone_bridge,1778093664480,-0.0001245439052581787,-0.007618121802806854,-0.0021387338638305664,-0.08321800827980042,0.01982376165688038,0.03353124111890793
2026-05-06T18:54:25.178000+00:00,1778093665178,S023,1,51.70818185068342,1778093664622,1778093665187,1778093665178,watch_phone_bridge,1778093664500,-0.0016878694295883179,0.00026563555002212524,-0.005469143390655518,-0.0739012062549591,0.012972324155271053,0.024365652352571487
2026-05-06T18:54:25.178000+00:00,1778093665178,S023,1,51.70818185068342,1778093664622,1778093665187,1778093665178,watch_phone_bridge,1778093664520,-0.0011729151010513306,-0.0024920403957366943,0.0006349682807922363,-0.056992270052433014,0.018307624384760857,0.016704006120562553
2026-05-06T18:54:25.178000+00:00,1778093665178,S023,1,51.70818185068342,1778093664622,1778093665187,1778093665178,watch_phone_bridge,1778093664540,0.0016809850931167603,0.0019419565796852112,-0.0077918171882629395,-0.044243715703487396,0.015538737177848816,0.016251109540462494
2026-05-06T18:54:25.178000+00:00,1778093665178,S023,1,51.70818185068342,1778093664622,1778093665187,1778093665178,watch_phone_bridge,1778093664560,0.00881071388721466,-0.006833069026470184,-0.0056569576263427734,-0.03498843312263489,0.0037930167745798826,0.012782713398337364
2026-05-06T18:54:25.178000+00:00,1778093665178,S023,1,51.70818185068342,1778093664622,1778093665187,1778093665178,watch_phone_bridge,1778093664580,0.0005755871534347534,-0.0023395270109176636,0.00017458200454711914,-0.008709689602255821,-0.00032221386209130287,0.01347295194864273
2026-05-06T18:54:25.178000+00:00,1778093665178,S023,1,51.70818185068342,1778093664622,1778093665187,1778093665178,watch_phone_bridge,1778093664600,-0.001654788851737976,-0.0028186365962028503,0.006168663501739502,0.011274673044681549,-0.0007994142360985279,0.0006202170043252409
2026-05-06T18:54:25.178000+00:00,1778093665178,S023,1,51.70818185068342,1778093664622,1778093665187,1778093665178,watch_phone_bridge,1778093664621,-0.0021416842937469482,0.001085728406906128,-0.009648144245147705,0.02422322705388069,0.006862614303827286,0.010754662565886974
2026-05-06T18:54:25.213000+00:00,1778093665213,S023,2,50.09606125274671,1778093664827,1778093665249,1778093665213,watch_phone_bridge,1778093664640,0.006581217050552368,0.006097137928009033,-0.01690620183944702,0.02883661910891533,0.009854676201939583,0.020897578448057175
2026-05-06T18:54:25.213000+00:00,1778093665213,S023,2,50.09606125274671,1778093664827,1778093665249,1778093665213,watch_phone_bridge,1778093664660,0.004815533757209778,-0.009203962981700897,-0.011349976062774658,0.023358233273029327,0.021532103419303894,0.02767745405435562
2026-05-06T18:54:25.213000+00:00,1778093665213,S023,2,50.09606125274671,1778093664827,1778093665249,1778093665213,watch_phone_bridge,1778093664680,0.001831844449043274,-0.010559357702732086,-0.0071967244148254395,-0.004816414788365364,0.03337597846984863,0.03325384855270386
2026-05-06T18:54:25.213000+00:00,1778093665213,S023,2,50.09606125274671,1778093664827,1778093665249,1778093665213,watch_phone_bridge,1778093664701,0.0002512633800506592,-0.008311942219734192,-0.006976127624511719,-0.006692877039313316,0.040356848388910294,0.037755709141492844
2026-05-06T18:54:25.213000+00:00,1778093665213,S023,2,50.09606125274671,1778093664827,1778093665249,1778093665213,watch_phone_bridge,1778093664721,-9.985268115997314e-05,-0.006070591509342194,-0.001967310905456543,-0.00623268261551857,0.03567386791110039,0.04033013433218002
2026-05-06T18:54:25.213000+00:00,1778093665213,S023,2,50.09606125274671,1778093664827,1778093665249,1778093665213,watch_phone_bridge,1778093664741,0.005980014801025391,-0.004329204559326172,-0.00022286176681518555,0.012210238724946976,0.02047741785645485,0.03157499060034752
2026-05-06T18:54:25.213000+00:00,1778093665213,S023,2,50.09606125274671,1778093664827,1778093665249,1778093665213,watch_phone_bridge,1778093664767,0.0024311095476150513,0.0061425864696502686,-0.006913483142852783,0.06506413221359253,0.010901298373937607,0.021250395104289055
2026-05-06T18:54:25.213000+00:00,1778093665213,S023,2,50.09606125274671,1778093664827,1778093665249,1778093665213,watch_phone_bridge,1778093664787,0.0034596771001815796,0.00845644623041153,-0.022149503231048584,0.09039372205734253,0.01637919247150421,0.02654332108795643
2026-05-06T18:54:25.213000+00:00,1778093665213,S023,2,50.09606125274671,1778093664827,1778093665249,1778093665213,watch_phone_bridge,1778093664807,0.002608373761177063,-0.021186351776123047,0.00030624866485595703,0.07318250834941864,0.014261104166507721,0.025064999237656593
2026-05-06T18:54:25.213000+00:00,1778093665213,S023,2,50.09606125274671,1778093664827,1778093665249,1778093665213,watch_phone_bridge,1778093664827,0.003417089581489563,-0.004540897905826569,-3.6716461181640625e-05,0.07052654027938843,0.004983069375157356,0.026826733723282814
2026-05-06T18:54:25.245000+00:00,1778093665245,S023,3,49.710348184253924,1778093665032,1778093665283,1778093665245,watch_phone_bridge,1778093664847,0.004143193364143372,-0.003620728850364685,-0.003515958786010742,0.06771291047334671,-0.0005327938124537468,0.019164767116308212
2026-05-06T18:54:25.245000+00:00,1778093665245,S023,3,49.710348184253924,1778093665032,1778093665283,1778093665245,watch_phone_bridge,1778093664867,0.002278149127960205,-0.017738401889801025,0.0005576014518737793,0.04327122122049332,0.0025186180137097836,0.023067256435751915
2026-05-06T18:54:25.245000+00:00,1778093665245,S023,3,49.710348184253924,1778093665032,1778093665283,1778093665245,watch_phone_bridge,1778093664888,-0.0008151084184646606,-0.005235537886619568,-0.010061800479888916,0.02438754215836525,0.02048628218472004,0.033148813992738724
2026-05-06T18:54:25.245000+00:00,1778093665245,S023,3,49.710348184253924,1778093665032,1778093665283,1778093665245,watch_phone_bridge,1778093664908,0.002653375267982483,0.00025046616792678833,-0.012984752655029297,0.034177590161561966,0.02805342525243759,0.03986658155918121
2026-05-06T18:54:25.245000+00:00,1778093665245,S023,3,49.710348184253924,1778093665032,1778093665283,1778093665245,watch_phone_bridge,1778093664927,0.0035476088523864746,-0.0061185359954833984,-0.00046521425247192383,0.04550801217556,0.016016583889722824,0.02920227311551571
2026-05-06T18:54:25.245000+00:00,1778093665245,S023,3,49.710348184253924,1778093665032,1778093665283,1778093665245,watch_phone_bridge,1778093664948,0.005441039800643921,0.005654074251651764,0.0005644559860229492,0.08412463963031769,0.005002966616302729,0.024539131671190262
2026-05-06T18:54:25.245000+00:00,1778093665245,S023,3,49.710348184253924,1778093665032,1778093665283,1778093665245,watch_phone_bridge,1778093664968,0.00313626229763031,0.012400612235069275,-0.007840752601623535,0.13899800181388855,0.0014994643861427903,0.028089551255106926
2026-05-06T18:54:25.245000+00:00,1778093665245,S023,3,49.710348184253924,1778093665032,1778093665283,1778093665245,watch_phone_bridge,1778093664988,0.00520537793636322,0.007955819368362427,-0.014687657356262207,0.1674640029668808,0.013478439301252365,0.0495215505361557
2026-05-06T18:54:25.245000+00:00,1778093665245,S023,3,49.710348184253924,1778093665032,1778093665283,1778093665245,watch_phone_bridge,1778093665008,0.0048698484897613525,0.010710105299949646,-0.013535737991333008,0.20420044660568237,0.01639346033334732,0.0648675411939621
2026-05-06T18:54:25.245000+00:00,1778093665245,S023,3,49.710348184253924,1778093665032,1778093665283,1778093665245,watch_phone_bridge,1778093665032,0.0026513487100601196,0.014596648514270782,0.0012801885604858398,0.2879214286804199,0.011123633943498135,0.05616842955350876
2026-05-06T18:54:25.333000+00:00,1778093665333,S023,4,49.93739228788713,1778093665229,1778093665370,1778093665333,watch_phone_bridge,1778093665048,-0.0027537792921066284,0.016647573560476303,0.003015577793121338,0.3478630781173706,0.011303245089948177,0.0479796901345253
2026-05-06T18:54:25.333000+00:00,1778093665333,S023,4,49.93739228788713,1778093665229,1778093665370,1778093665333,watch_phone_bridge,1778093665068,0.005149975419044495,0.02603699266910553,-0.011851370334625244,0.38991090655326843,0.006675622425973415,0.05451013520359993
2026-05-06T18:54:25.333000+00:00,1778093665333,S023,4,49.93739228788713,1778093665229,1778093665370,1778093665333,watch_phone_bridge,1778093665088,0.001926720142364502,0.006751395761966705,-0.013087332248687744,0.38157549500465393,0.020049523562192917,0.06869465857744217
2026-05-06T18:54:25.333000+00:00,1778093665333,S023,4,49.93739228788713,1778093665229,1778093665370,1778093665333,watch_phone_bridge,1778093665108,0.004942834377288818,-0.0018491484224796295,-0.005273282527923584,0.3665909469127655,0.01513762678951025,0.07190899550914764
2026-05-06T18:54:25.333000+00:00,1778093665333,S023,4,49.93739228788713,1778093665229,1778093665370,1778093665333,watch_phone_bridge,1778093665129,0.0045339614152908325,-0.03311631828546524,0.014904797077178955,0.30059462785720825,-0.012132115662097931,0.05389643460512161
2026-05-06T18:54:25.333000+00:00,1778093665333,S023,4,49.93739228788713,1778093665229,1778093665370,1778093665333,watch_phone_bridge,1778093665149,-0.000789150595664978,-0.0189984068274498,0.013679981231689453,0.26696476340293884,-0.01930210553109646,0.0410413034260273
2026-05-06T18:54:25.333000+00:00,1778093665333,S023,4,49.93739228788713,1778093665229,1778093665370,1778093665333,watch_phone_bridge,1778093665169,-0.00254078209400177,0.003576507791876793,-0.0066585540771484375,0.22012534737586975,0.0032324972562491894,0.05841907113790512
2026-05-06T18:54:25.333000+00:00,1778093665333,S023,4,49.93739228788713,1778093665229,1778093665370,1778093665333,watch_phone_bridge,1778093665189,0.003663107752799988,-0.011409801431000233,-0.02245807647705078,0.1282942295074463,0.03534013777971268,0.11184122413396835
2026-05-06T18:54:25.333000+00:00,1778093665333,S023,4,49.93739228788713,1778093665229,1778093665370,1778093665333,watch_phone_bridge,1778093665209,-0.003363490104675293,-0.016083400696516037,-0.012425661087036133,0.020010104402899742,0.07640726119279861,0.1389048546552658
2026-05-06T18:54:25.333000+00:00,1778093665333,S023,4,49.93739228788713,1778093665229,1778093665370,1778093665333,watch_phone_bridge,1778093665229,0.0015974193811416626,-0.021818529814481735,0.01522296667098999,-0.032087717205286026,0.0703592598438263,0.1285015344619751
2026-05-06T18:54:25.489000+00:00,1778093665489,S023,5,49.889742620177806,1778093665430,1778093665523,1778093665489,watch_phone_bridge,1778093665249,0.0047416239976882935,-0.017611950635910034,0.025607705116271973,-0.07660511136054993,0.04227694869041443,0.11793816089630127
2026-05-06T18:54:25.489000+00:00,1778093665489,S023,5,49.889742620177806,1778093665430,1778093665523,1778093665489,watch_phone_bridge,1778093665269,0.006477639079093933,-0.018944140523672104,0.012219667434692383,-0.19164595007896423,0.037198033183813095,0.10919596254825592
2026-05-06T18:54:25.489000+00:00,1778093665489,S023,5,49.889742620177806,1778093665430,1778093665523,1778093665489,watch_phone_bridge,1778093665289,0.005908459424972534,-0.01068258285522461,-0.0032085180282592773,-0.2280614823102951,0.04664342850446701,0.13509514927864075
2026-05-06T18:54:25.489000+00:00,1778093665489,S023,5,49.889742620177806,1778093665430,1778093665523,1778093665489,watch_phone_bridge,1778093665311,0.008236885070800781,-0.005683816969394684,-0.008398115634918213,-0.1411215364933014,0.01915169507265091,0.13023881614208221
2026-05-06T18:54:25.489000+00:00,1778093665489,S023,5,49.889742620177806,1778093665430,1778093665523,1778093665489,watch_phone_bridge,1778093665329,-0.0021263062953948975,-0.04515564441680908,0.009033918380737305,-0.15251505374908447,0.006227145902812481,0.11845704913139343
2026-05-06T18:54:25.489000+00:00,1778093665489,S023,5,49.889742620177806,1778093665430,1778093665523,1778093665489,watch_phone_bridge,1778093665350,-0.0015375614166259766,-0.03885522112250328,0.015968501567840576,-0.23222507536411285,-0.001758570782840252,0.11547958105802536
2026-05-06T18:54:25.489000+00:00,1778093665489,S023,5,49.889742620177806,1778093665430,1778093665523,1778093665489,watch_phone_bridge,1778093665370,0.0008091628551483154,-0.027143456041812897,0.006125926971435547,-0.3552580773830414,0.0100485160946846,0.11658681929111481
2026-05-06T18:54:25.489000+00:00,1778093665489,S023,5,49.889742620177806,1778093665430,1778093665523,1778093665489,watch_phone_bridge,1778093665390,0.003100156784057617,-0.02047215774655342,-0.009237408638000488,-0.44658875465393066,0.045051850378513336,0.12244145572185516
2026-05-06T18:54:25.489000+00:00,1778093665489,S023,5,49.889742620177806,1778093665430,1778093665523,1778093665489,watch_phone_bridge,1778093665410,-0.0020651966333389282,-0.010715428739786148,-0.024357497692108154,-0.37341734766960144,0.04957675188779831,0.11350011080503464
2026-05-06T18:54:25.489000+00:00,1778093665489,S023,5,49.889742620177806,1778093665430,1778093665523,1778093665489,watch_phone_bridge,1778093665430,-0.003193184733390808,-0.009568832814693451,-0.018520355224609375,-0.23338007926940918,0.03371583670377731,0.08858916908502579
2026-05-06T18:54:25.696000+00:00,1778093665696,S023,6,49.861676765645406,1778093665632,1778093665729,1778093665696,watch_phone_bridge,1778093665450,-0.001968204975128174,-0.013086926192045212,-0.0005573034286499023,-0.1833808273077011,0.015253815799951553,0.07892732322216034
2026-05-06T18:54:25.696000+00:00,1778093665696,S023,6,49.861676765645406,1778093665632,1778093665729,1778093665696,watch_phone_bridge,1778093665473,0.00044155120849609375,-0.006812602281570435,0.0037056803703308105,-0.18405833840370178,0.010366801172494888,0.05942728742957115
2026-05-06T18:54:25.696000+00:00,1778093665696,S023,6,49.861676765645406,1778093665632,1778093665729,1778093665696,watch_phone_bridge,1778093665491,0.0005606412887573242,0.011073529720306396,-0.006788492202758789,-0.0904460996389389,-0.001821421436034143,0.04484211280941963
2026-05-06T18:54:25.696000+00:00,1778093665696,S023,6,49.861676765645406,1778093665632,1778093665729,1778093665696,watch_phone_bridge,1778093665511,0.0011633187532424927,-0.011500917375087738,-0.00042194128036499023,-0.02368624322116375,-0.021342163905501366,0.013338727876543999
2026-05-06T18:54:25.696000+00:00,1778093665696,S023,6,49.861676765645406,1778093665632,1778093665729,1778093665696,watch_phone_bridge,1778093665531,-0.005882546305656433,-0.012694098055362701,-0.00012028217315673828,-0.01821371167898178,-0.009495852515101433,0.003880405565723777
2026-05-06T18:54:25.696000+00:00,1778093665696,S023,6,49.861676765645406,1778093665632,1778093665729,1778093665696,watch_phone_bridge,1778093665551,0.0017185807228088379,0.0020683705806732178,-0.007034361362457275,-0.015517794527113438,-0.016910968348383904,0.0032671859953552485
2026-05-06T18:54:25.696000+00:00,1778093665696,S023,6,49.861676765645406,1778093665632,1778093665729,1778093665696,watch_phone_bridge,1778093665571,0.006855994462966919,-0.004100203514099121,-0.01255875825881958,-0.021436136215925217,-0.02730429545044899,0.0037339848931878805
2026-05-06T18:54:25.696000+00:00,1778093665696,S023,6,49.861676765645406,1778093665632,1778093665729,1778093665696,watch_phone_bridge,1778093665591,0.0035582780838012695,-0.011448636651039124,-0.009342372417449951,-0.03329306095838547,-0.026147382333874702,0.00462561147287488
2026-05-06T18:54:25.696000+00:00,1778093665696,S023,6,49.861676765645406,1778093665632,1778093665729,1778093665696,watch_phone_bridge,1778093665611,-1.3530254364013672e-05,-0.012620531022548676,-0.0028493404388427734,-0.03648779168725014,-0.025657663121819496,-0.0015833356883376837
2026-05-06T18:54:25.696000+00:00,1778093665696,S023,6,49.861676765645406,1778093665632,1778093665729,1778093665696,watch_phone_bridge,1778093665631,-0.0024426132440567017,-0.0033210068941116333,0.0009641051292419434,-0.011743295937776566,-0.00949334166944027,-0.010724849067628384
2026-05-06T18:54:26.150000+00:00,1778093666150,S023,7,49.86635924937529,1778093665832,1778093666121,1778093666150,watch_phone_bridge,1778093665651,0.0034662634134292603,-0.00881042331457138,-0.006567120552062988,-0.023048948496580124,-0.01256369985640049,-0.013509663753211498
2026-05-06T18:54:26.150000+00:00,1778093666150,S023,7,49.86635924937529,1778093665832,1778093666121,1778093666150,watch_phone_bridge,1778093665671,0.005202785134315491,-0.0001996457576751709,-0.01603841781616211,-0.021609509363770485,-0.007893542759120464,0.0024564664345234632
2026-05-06T18:54:26.150000+00:00,1778093666150,S023,7,49.86635924937529,1778093665832,1778093666121,1778093666150,watch_phone_bridge,1778093665691,0.005725249648094177,0.0022827759385108948,-0.01301729679107666,-0.005950387567281723,-0.011757333762943745,-0.001730661722831428
2026-05-06T18:54:26.150000+00:00,1778093666150,S023,7,49.86635924937529,1778093665832,1778093666121,1778093666150,watch_phone_bridge,1778093665711,-0.000978901982307434,0.00867430865764618,-0.0060350894927978516,0.045655280351638794,-0.000665381143335253,-0.005999229848384857
2026-05-06T18:54:26.150000+00:00,1778093666150,S023,7,49.86635924937529,1778093665832,1778093666121,1778093666150,watch_phone_bridge,1778093665732,0.0007429122924804688,0.01282992959022522,-0.005085110664367676,0.10087113827466965,0.0022989835124462843,-0.021877901628613472
2026-05-06T18:54:26.150000+00:00,1778093666150,S023,7,49.86635924937529,1778093665832,1778093666121,1778093666150,watch_phone_bridge,1778093665752,0.0011450201272964478,0.0020912662148475647,-0.0012121796607971191,0.10901881009340286,-0.003217146033421159,-0.02993880957365036
2026-05-06T18:54:26.150000+00:00,1778093666150,S023,7,49.86635924937529,1778093665832,1778093666121,1778093666150,watch_phone_bridge,1778093665772,-0.004620939493179321,-0.04641374573111534,0.016347944736480713,0.03637655824422836,-0.002703079953789711,-0.031164132058620453
2026-05-06T18:54:26.150000+00:00,1778093666150,S023,7,49.86635924937529,1778093665832,1778093666121,1778093666150,watch_phone_bridge,1778093665793,-0.0015676319599151611,-0.03671844303607941,0.0057340264320373535,-0.04758411645889282,0.005130265839397907,-0.019452134147286415
2026-05-06T18:54:26.150000+00:00,1778093666150,S023,7,49.86635924937529,1778093665832,1778093666121,1778093666150,watch_phone_bridge,1778093665812,0.0010990798473358154,-0.008097447454929352,-0.0045067667961120605,-0.07082659006118774,0.005932486150413752,-0.017082879319787025
2026-05-06T18:54:26.150000+00:00,1778093666150,S023,7,49.86635924937529,1778093665832,1778093666121,1778093666150,watch_phone_bridge,1778093665832,0.002765178680419922,0.0014839842915534973,-0.008517920970916748,-0.04848186671733856,0.010172504931688309,-0.014152604155242443
2026-05-06T18:54:26.257000+00:00,1778093666257,S023,8,49.835045509129934,1778093666034,1778093666283,1778093666257,watch_phone_bridge,1778093665852,0.0036221593618392944,0.008645020425319672,-0.00834965705871582,-0.012568876147270203,0.003401493886485696,-0.014259396120905876
2026-05-06T18:54:26.257000+00:00,1778093666257,S023,8,49.835045509129934,1778093666034,1778093666283,1778093666257,watch_phone_bridge,1778093665872,0.0021147876977920532,-0.013674803078174591,0.005711376667022705,-0.010970180854201317,-0.00433730985969305,-0.01161759439855814
2026-05-06T18:54:26.257000+00:00,1778093666257,S023,8,49.835045509129934,1778093666034,1778093666283,1778093666257,watch_phone_bridge,1778093665892,-0.0009300410747528076,-0.00907706469297409,0.0013930201530456543,-0.0002126060426235199,-0.010825378820300102,-0.00958645436912775
2026-05-06T18:54:26.257000+00:00,1778093666257,S023,8,49.835045509129934,1778093666034,1778093666283,1778093666257,watch_phone_bridge,1778093665912,0.0036623477935791016,0.02429044246673584,-0.01102757453918457,0.0519573837518692,-0.015502498485147953,-0.004296777304261923
2026-05-06T18:54:26.257000+00:00,1778093666257,S023,8,49.835045509129934,1778093666034,1778093666283,1778093666257,watch_phone_bridge,1778093665932,0.005418181419372559,-0.011420927941799164,-0.00799560546875,0.04111751914024353,-0.01953798532485962,-0.003845957573503256
2026-05-06T18:54:26.257000+00:00,1778093666257,S023,8,49.835045509129934,1778093666034,1778093666283,1778093666257,watch_phone_bridge,1778093665952,0.004082977771759033,-0.031173959374427795,-0.0024185776710510254,-0.02265240252017975,-0.017043480649590492,-0.009482644498348236
2026-05-06T18:54:26.257000+00:00,1778093666257,S023,8,49.835045509129934,1778093666034,1778093666283,1778093666257,watch_phone_bridge,1778093665973,-0.00024339556694030762,-0.029214754700660706,-0.0001360774040222168,-0.07326871156692505,-0.002441709628328681,-0.01643834076821804
2026-05-06T18:54:26.257000+00:00,1778093666257,S023,8,49.835045509129934,1778093666034,1778093666283,1778093666257,watch_phone_bridge,1778093665993,0.002428606152534485,-0.010951891541481018,-0.002875030040740967,-0.07498964667320251,0.0074279652908444405,-0.004501041956245899
2026-05-06T18:54:26.257000+00:00,1778093666257,S023,8,49.835045509129934,1778093666034,1778093666283,1778093666257,watch_phone_bridge,1778093666013,0.0032541602849960327,0.0060303956270217896,-0.006909549236297607,-0.04384849965572357,-0.003460140433162451,-0.00412484398111701
2026-05-06T18:54:26.257000+00:00,1778093666257,S023,8,49.835045509129934,1778093666034,1778093666283,1778093666257,watch_phone_bridge,1778093666033,0.001475989818572998,0.012523837387561798,-0.011037945747375488,0.009541219100356102,-0.0064884210005402565,-0.001298057846724987
2026-05-06T18:54:26.304000+00:00,1778093666304,S023,9,49.83642674981553,1778093666234,1778093666344,1778093666304,watch_phone_bridge,1778093666053,0.0024693459272384644,0.010458171367645264,-0.007591187953948975,0.046266742050647736,-0.010253559798002243,-0.0025223130360245705
2026-05-06T18:54:26.304000+00:00,1778093666304,S023,9,49.83642674981553,1778093666234,1778093666344,1778093666304,watch_phone_bridge,1778093666074,0.0017678439617156982,-0.004894465208053589,-0.0021845102310180664,0.059322625398635864,-0.00863291323184967,-0.0009647366823628545
2026-05-06T18:54:26.304000+00:00,1778093666304,S023,9,49.83642674981553,1778093666234,1778093666344,1778093666304,watch_phone_bridge,1778093666094,0.0010806024074554443,-0.00863182544708252,-0.005414903163909912,0.04321768879890442,-0.01041331235319376,0.004367657471448183
2026-05-06T18:54:26.304000+00:00,1778093666304,S023,9,49.83642674981553,1778093666234,1778093666344,1778093666304,watch_phone_bridge,1778093666113,0.0031089037656784058,-0.017571277916431427,-0.000879824161529541,0.013967392966151237,-0.012707359157502651,-0.0043545677326619625
2026-05-06T18:54:26.304000+00:00,1778093666304,S023,9,49.83642674981553,1778093666234,1778093666344,1778093666304,watch_phone_bridge,1778093666133,0.0043617188930511475,-0.033210061490535736,0.0021369457244873047,-0.035868607461452484,-0.011272828094661236,-0.0010945923859253526
2026-05-06T18:54:26.304000+00:00,1778093666304,S023,9,49.83642674981553,1778093666234,1778093666344,1778093666304,watch_phone_bridge,1778093666155,0.0008771419525146484,-0.01146744191646576,-0.005413830280303955,-0.04932049661874771,-0.0025822105817496777,-0.002085767686367035
2026-05-06T18:54:26.304000+00:00,1778093666304,S023,9,49.83642674981553,1778093666234,1778093666344,1778093666304,watch_phone_bridge,1778093666174,0.003763452172279358,-0.001978635787963867,-0.004138052463531494,-0.03390825539827347,-0.004797275643795729,-0.0037180189974606037
2026-05-06T18:54:26.304000+00:00,1778093666304,S023,9,49.83642674981553,1778093666234,1778093666344,1778093666304,watch_phone_bridge,1778093666195,0.0020691752433776855,0.010439574718475342,-0.00862663984298706,-0.0044909752905368805,-0.006770753767341375,-0.005905060097575188
2026-05-06T18:54:26.304000+00:00,1778093666304,S023,9,49.83642674981553,1778093666234,1778093666344,1778093666304,watch_phone_bridge,1778093666214,0.0010305792093276978,0.012127384543418884,-0.009230315685272217,0.03317304700613022,-0.004059618338942528,-0.0004200669936835766
2026-05-06T18:54:26.304000+00:00,1778093666304,S023,9,49.83642674981553,1778093666234,1778093666344,1778093666304,watch_phone_bridge,1778093666234,0.0015941709280014038,-0.005484677851200104,0.0006479024887084961,0.050357624888420105,-0.007086795289069414,0.0020226906053721905
2026-05-06T18:54:26.628000+00:00,1778093666628,S023,10,49.78725917203521,1778093666437,1778093666665,1778093666628,watch_phone_bridge,1778093666254,0.001585155725479126,-0.0036958828568458557,5.602836608886719e-05,0.05897561088204384,-0.014491638168692589,-0.0032632043585181236
2026-05-06T18:54:26.628000+00:00,1778093666628,S023,10,49.78725917203521,1778093666437,1778093666665,1778093666628,watch_phone_bridge,1778093666274,0.00102977454662323,-0.010924719274044037,-0.004171967506408691,0.04058728367090225,-0.017197180539369583,0.0015208981931209564
2026-05-06T18:54:26.628000+00:00,1778093666628,S023,10,49.78725917203521,1778093666437,1778093666665,1778093666628,watch_phone_bridge,1778093666294,0.00021947920322418213,-0.022905580699443817,0.002624988555908203,0.00718512199819088,-0.008076272904872894,-0.0040688104927539825
2026-05-06T18:54:26.628000+00:00,1778093666628,S023,10,49.78725917203521,1778093666437,1778093666665,1778093666628,watch_phone_bridge,1778093666314,0.0002635568380355835,-0.016024790704250336,-0.002318441867828369,-0.0203852541744709,0.0039789434522390366,5.163214518688619e-05
2026-05-06T18:54:26.628000+00:00,1778093666628,S023,10,49.78725917203521,1778093666437,1778093666665,1778093666628,watch_phone_bridge,1778093666334,0.0017151087522506714,-0.01136501133441925,-0.003672301769256592,-0.029663708060979843,0.0014392008306458592,0.003173070028424263
2026-05-06T18:54:26.628000+00:00,1778093666628,S023,10,49.78725917203521,1778093666437,1778093666665,1778093666628,watch_phone_bridge,1778093666355,0.002417951822280884,0.0013141632080078125,-0.00557863712310791,-0.01153503730893135,-0.002383006038144231,0.0032684109173715115
2026-05-06T18:54:26.628000+00:00,1778093666628,S023,10,49.78725917203521,1778093666437,1778093666665,1778093666628,watch_phone_bridge,1778093666375,0.0019914060831069946,0.007338337600231171,-0.0045830607414245605,0.019508101046085358,-0.0038221783470362425,-0.002618186641484499
2026-05-06T18:54:26.628000+00:00,1778093666628,S023,10,49.78725917203521,1778093666437,1778093666665,1778093666628,watch_phone_bridge,1778093666395,0.0012297183275222778,-0.00208117812871933,-9.5367431640625e-06,0.03743650019168854,-0.005158932879567146,-0.006734155584126711
2026-05-06T18:54:26.628000+00:00,1778093666628,S023,10,49.78725917203521,1778093666437,1778093666665,1778093666628,watch_phone_bridge,1778093666415,0.0007174015045166016,-0.0133134126663208,-0.0014737844467163086,0.02938469871878624,-0.00402876315638423,-0.005307979416102171
2026-05-06T18:54:26.628000+00:00,1778093666628,S023,10,49.78725917203521,1778093666437,1778093666665,1778093666628,watch_phone_bridge,1778093666436,0.00017414987087249756,-0.011042580008506775,0.0025625228881835938,0.024368636310100555,-0.008643336594104767,-0.011142699047923088
2026-05-06T18:54:26.666000+00:00,1778093666666,S023,11,49.81308652374793,1778093666637,1778093666701,1778093666666,watch_phone_bridge,1778093666455,0.00020962953567504883,-0.011638566851615906,0.002361595630645752,0.025865862146019936,-0.006918140687048435,-0.015542560257017612
2026-05-06T18:54:26.666000+00:00,1778093666666,S023,11,49.81308652374793,1778093666637,1778093666701,1778093666666,watch_phone_bridge,1778093666475,0.004481181502342224,-0.0019104145467281342,-0.005646765232086182,0.030819343402981758,-0.010873467661440372,-0.006718709133565426
2026-05-06T18:54:26.666000+00:00,1778093666666,S023,11,49.81308652374793,1778093666637,1778093666701,1778093666666,watch_phone_bridge,1778093666495,0.004011303186416626,-0.009841203689575195,-0.0056078433990478516,0.023074602708220482,-0.010464786551892757,-0.00674560759216547
2026-05-06T18:54:26.666000+00:00,1778093666666,S023,11,49.81308652374793,1778093666637,1778093666701,1778093666666,watch_phone_bridge,1778093666515,0.0037398934364318848,-0.003793686628341675,-0.00835198163986206,0.0221632719039917,-0.011660279706120491,-0.0019096261821687222
2026-05-06T18:54:26.666000+00:00,1778093666666,S023,11,49.81308652374793,1778093666637,1778093666701,1778093666666,watch_phone_bridge,1778093666535,0.0015555322170257568,-0.008725404739379883,-0.006737768650054932,0.020097725093364716,-0.009823002852499485,-0.00036834838101640344
2026-05-06T18:54:26.666000+00:00,1778093666666,S023,11,49.81308652374793,1778093666637,1778093666701,1778093666666,watch_phone_bridge,1778093666556,0.0020295679569244385,0.0004234127700328827,-0.0059506893157958984,0.03195597976446152,-0.006025525741279125,-0.0009005012107081711
2026-05-06T18:54:26.666000+00:00,1778093666666,S023,11,49.81308652374793,1778093666637,1778093666701,1778093666666,watch_phone_bridge,1778093666575,0.002498537302017212,0.00043675675988197327,-0.0024980902671813965,0.05169080197811127,-0.005120659712702036,0.007079554721713066
2026-05-06T18:54:26.666000+00:00,1778093666666,S023,11,49.81308652374793,1778093666637,1778093666701,1778093666666,watch_phone_bridge,1778093666596,0.001211315393447876,-0.014944951981306076,0.0016688108444213867,0.046693116426467896,-0.003815482137724757,0.003301007905974984
2026-05-06T18:54:26.666000+00:00,1778093666666,S023,11,49.81308652374793,1778093666637,1778093666701,1778093666666,watch_phone_bridge,1778093666616,0.0024763792753219604,-0.00338580459356308,-0.0018041133880615234,0.051552318036556244,-0.0034944573417305946,-0.0007066231337375939
2026-05-06T18:54:26.666000+00:00,1778093666666,S023,11,49.81308652374793,1778093666637,1778093666701,1778093666666,watch_phone_bridge,1778093666636,0.003929451107978821,-0.004950590431690216,-0.004479944705963135,0.05737584829330444,-0.004353707190603018,-0.00791473500430584
2026-05-06T18:54:26.861000+00:00,1778093666861,S023,12,49.812642604804154,1778093666837,1778093666896,1778093666861,watch_phone_bridge,1778093666656,0.0006394833326339722,0.004032924771308899,-0.00644683837890625,0.0879547968506813,-0.0017750062979757786,0.0022651448380202055
2026-05-06T18:54:26.861000+00:00,1778093666861,S023,12,49.812642604804154,1778093666837,1778093666896,1778093666861,watch_phone_bridge,1778093666677,0.004726961255073547,0.003129567950963974,-0.00506901741027832,0.10408903658390045,-0.008201822638511658,0.0014682739274576306
2026-05-06T18:54:26.861000+00:00,1778093666861,S023,12,49.812642604804154,1778093666837,1778093666896,1778093666861,watch_phone_bridge,1778093666702,-0.0002700686454772949,-0.0034663788974285126,-0.0018236637115478516,0.11885838210582733,-0.008011749014258385,0.001291759661398828
2026-05-06T18:54:26.861000+00:00,1778093666861,S023,12,49.812642604804154,1778093666837,1778093666896,1778093666861,watch_phone_bridge,1778093666716,-3.333389759063721e-05,0.0018438845872879028,-0.001821279525756836,0.13853995501995087,-0.009622200392186642,0.00479488167911768
2026-05-06T18:54:26.861000+00:00,1778093666861,S023,12,49.812642604804154,1778093666837,1778093666896,1778093666861,watch_phone_bridge,1778093666742,0.0028383880853652954,-0.009847257286310196,-0.0025513768196105957,0.12239000201225281,-0.010612363927066326,0.005579182878136635
2026-05-06T18:54:26.861000+00:00,1778093666861,S023,12,49.812642604804154,1778093666837,1778093666896,1778093666861,watch_phone_bridge,1778093666757,0.00024415552616119385,-0.007976271212100983,-0.006802022457122803,0.11264123767614365,-7.366486534010619e-05,0.016640037298202515
2026-05-06T18:54:26.861000+00:00,1778093666861,S023,12,49.812642604804154,1778093666837,1778093666896,1778093666861,watch_phone_bridge,1778093666777,0.0016283690929412842,-0.0023609213531017303,-0.007336020469665527,0.12502920627593994,0.003685044590383768,0.003569774329662323
2026-05-06T18:54:26.861000+00:00,1778093666861,S023,12,49.812642604804154,1778093666837,1778093666896,1778093666861,watch_phone_bridge,1778093666797,0.0026342272758483887,0.004394367337226868,-0.006551861763000488,0.14961417019367218,0.0074071926064789295,0.014719204977154732
2026-05-06T18:54:26.861000+00:00,1778093666861,S023,12,49.812642604804154,1778093666837,1778093666896,1778093666861,watch_phone_bridge,1778093666817,0.004577949643135071,0.0031761638820171356,-0.003935694694519043,0.182877317070961,0.0021301009692251682,0.018439214676618576
2026-05-06T18:54:26.861000+00:00,1778093666861,S023,12,49.812642604804154,1778093666837,1778093666896,1778093666861,watch_phone_bridge,1778093666837,0.0034844130277633667,-4.3375417590141296e-05,-0.0009263157844543457,0.18902736902236938,-0.003254886716604233,0.032274551689624786
2026-05-06T18:54:27.073000+00:00,1778093667073,S023,13,49.813468376559676,1778093667038,1778093667111,1778093667073,watch_phone_bridge,1778093666857,0.003856346011161804,-0.0030855126678943634,-0.01068425178527832,0.18321740627288818,0.0031839897856116295,0.04817287251353264
2026-05-06T18:54:27.073000+00:00,1778093667073,S023,13,49.813468376559676,1778093667038,1778093667111,1778093667073,watch_phone_bridge,1778093666877,0.002958953380584717,-0.003657979890704155,-0.006715357303619385,0.18574687838554382,0.0031432434916496277,0.045888204127550125
2026-05-06T18:54:27.073000+00:00,1778093667073,S023,13,49.813468376559676,1778093667038,1778093667111,1778093667073,watch_phone_bridge,1778093666897,0.001972898840904236,-0.011254830285906792,0.0030109286308288574,0.17188964784145355,0.005189844407141209,0.04748615249991417
2026-05-06T18:54:27.073000+00:00,1778093667073,S023,13,49.813468376559676,1778093667038,1778093667111,1778093667073,watch_phone_bridge,1778093666917,0.0026179105043411255,-0.02102147415280342,0.004900813102722168,0.164066880941391,0.0028696227818727493,0.0641665905714035
2026-05-06T18:54:27.073000+00:00,1778093667073,S023,13,49.813468376559676,1778093667038,1778093667111,1778093667073,watch_phone_bridge,1778093666940,-0.004423379898071289,-0.02895922027528286,0.0002357959747314453,0.12823165953159332,0.009898426942527294,0.05253710597753525
2026-05-06T18:54:27.073000+00:00,1778093667073,S023,13,49.813468376559676,1778093667038,1778093667111,1778093667073,watch_phone_bridge,1778093666957,-0.000532686710357666,-0.02037099003791809,-0.0031486153602600098,0.07245919108390808,0.004879281856119633,0.040811099112033844
2026-05-06T18:54:27.073000+00:00,1778093667073,S023,13,49.813468376559676,1778093667038,1778093667111,1778093667073,watch_phone_bridge,1778093666977,0.0032216161489486694,-0.02846340648829937,0.0008280277252197266,0.007520679384469986,0.006122027523815632,0.04123811051249504
2026-05-06T18:54:27.073000+00:00,1778093667073,S023,13,49.813468376559676,1778093667038,1778093667111,1778093667073,watch_phone_bridge,1778093666998,0.0021587610244750977,-0.062795490026474,0.00330430269241333,-0.11659301817417145,0.0089264502748847,0.02953500859439373
2026-05-06T18:54:27.073000+00:00,1778093667073,S023,13,49.813468376559676,1778093667038,1778093667111,1778093667073,watch_phone_bridge,1778093667017,-0.0001677870750427246,-0.01093889120966196,-0.004399359226226807,-0.16492219269275665,0.015984930098056793,0.027475319802761078
2026-05-06T18:54:27.073000+00:00,1778093667073,S023,13,49.813468376559676,1778093667038,1778093667111,1778093667073,watch_phone_bridge,1778093667037,0.0005330443382263184,0.007167501375079155,-0.007077038288116455,-0.13253389298915863,0.0131355756893754,0.02756357565522194
2026-05-06T18:54:27.278000+00:00,1778093667278,S023,14,49.80457049936837,1778093667239,1778093667315,1778093667278,watch_phone_bridge,1778093667058,0.0034274160861968994,0.002841617912054062,-0.014150142669677734,-0.13830603659152985,0.004937338642776012,0.028317412361502647
2026-05-06T18:54:27.278000+00:00,1778093667278,S023,14,49.80457049936837,1778093667239,1778093667315,1778093667278,watch_phone_bridge,1778093667078,0.007282644510269165,-0.011701192706823349,-0.009804368019104004,-0.19928044080734253,-0.01674102060496807,0.024557560682296753
2026-05-06T18:54:27.278000+00:00,1778093667278,S023,14,49.80457049936837,1778093667239,1778093667315,1778093667278,watch_phone_bridge,1778093667098,0.0016023069620132446,-0.07121182978153229,-0.012346088886260986,-0.3965919017791748,0.004899788647890091,-0.0015139338793233037
2026-05-06T18:54:27.278000+00:00,1778093667278,S023,14,49.80457049936837,1778093667239,1778093667315,1778093667278,watch_phone_bridge,1778093667118,-0.02132071554660797,-0.12441335618495941,-0.015576839447021484,-0.6289218664169312,0.09726392477750778,-0.05649254843592644
2026-05-06T18:54:27.278000+00:00,1778093667278,S023,14,49.80457049936837,1778093667239,1778093667315,1778093667278,watch_phone_bridge,1778093667138,-0.0364745557308197,-0.07747111469507217,-0.043783485889434814,-0.7974988222122192,0.23968505859375,-0.11689373850822449
2026-05-06T18:54:27.278000+00:00,1778093667278,S023,14,49.80457049936837,1778093667239,1778093667315,1778093667278,watch_phone_bridge,1778093667158,-0.024602606892585754,-0.08374251425266266,-0.14525896310806274,-0.7716049551963806,0.5338558554649353,-0.2092888504266739
2026-05-06T18:54:27.278000+00:00,1778093667278,S023,14,49.80457049936837,1778093667239,1778093667315,1778093667278,watch_phone_bridge,1778093667178,0.0009765625,-0.12743043899536133,-0.182151198387146,-1.0616527795791626,0.6101617217063904,-0.4181855022907257
2026-05-06T18:54:27.278000+00:00,1778093667278,S023,14,49.80457049936837,1778093667239,1778093667315,1778093667278,watch_phone_bridge,1778093667198,-0.0774693489074707,-0.12815067172050476,-0.1612756848335266,-1.5636823177337646,0.939055323600769,-0.4187934100627899
2026-05-06T18:54:27.278000+00:00,1778093667278,S023,14,49.80457049936837,1778093667239,1778093667315,1778093667278,watch_phone_bridge,1778093667218,-0.02679094672203064,-0.11005383729934692,-0.16431653499603271,-1.8538947105407715,1.0642225742340088,-0.4187193810939789
2026-05-06T18:54:27.278000+00:00,1778093667278,S023,14,49.80457049936837,1778093667239,1778093667315,1778093667278,watch_phone_bridge,1778093667239,-0.06014913320541382,-0.090746209025383,-0.15591001510620117,-2.306715250015259,1.2326430082321167,-0.345297634601593
2026-05-06T18:54:27.465000+00:00,1778093667465,S023,15,49.80129212756503,1778093667440,1778093667502,1778093667465,watch_phone_bridge,1778093667259,-0.07206729054450989,-0.04968009889125824,-0.11903178691864014,-2.7060794830322266,1.3637874126434326,-0.2543216347694397
2026-05-06T18:54:27.465000+00:00,1778093667465,S023,15,49.80129212756503,1778093667440,1778093667502,1778093667465,watch_phone_bridge,1778093667278,-0.05323988199234009,-0.032946765422821045,-0.03023231029510498,-3.1759586334228516,1.4143507480621338,-0.17085596919059753
2026-05-06T18:54:27.465000+00:00,1778093667465,S023,15,49.80129212756503,1778093667440,1778093667502,1778093667465,watch_phone_bridge,1778093667299,-0.05725693702697754,-0.02190336585044861,0.05239737033843994,-3.8295445442199707,1.3996092081069946,-0.08706260472536087
2026-05-06T18:54:27.465000+00:00,1778093667465,S023,15,49.80129212756503,1778093667440,1778093667502,1778093667465,watch_phone_bridge,1778093667319,-0.06123599410057068,-0.0217762291431427,0.10009944438934326,-4.447249889373779,1.391923189163208,-0.0013410947285592556
2026-05-06T18:54:27.465000+00:00,1778093667465,S023,15,49.80129212756503,1778093667440,1778093667502,1778093667465,watch_phone_bridge,1778093667339,-0.022371023893356323,-0.02926790714263916,0.14182323217391968,-5.052301406860352,1.3479695320129395,0.14769941568374634
2026-05-06T18:54:27.465000+00:00,1778093667465,S023,15,49.80129212756503,1778093667440,1778093667502,1778093667465,watch_phone_bridge,1778093667359,-0.017189115285873413,-0.04600536823272705,0.17404693365097046,-5.796708106994629,1.3097147941589355,0.29147714376449585
2026-05-06T18:54:27.465000+00:00,1778093667465,S023,15,49.80129212756503,1778093667440,1778093667502,1778093667465,watch_phone_bridge,1778093667379,-0.011534452438354492,-0.03932720422744751,0.18038612604141235,-6.4238810539245605,1.2814722061157227,0.43400880694389343
2026-05-06T18:54:27.465000+00:00,1778093667465,S023,15,49.80129212756503,1778093667440,1778093667502,1778093667465,watch_phone_bridge,1778093667403,-0.0012674033641815186,0.012811362743377686,0.1363784670829773,-7.017794609069824,1.238576054573059,0.5402145981788635
2026-05-06T18:54:27.465000+00:00,1778093667465,S023,15,49.80129212756503,1778093667440,1778093667502,1778093667465,watch_phone_bridge,1778093667419,0.008571803569793701,-0.011717617511749268,0.08229747414588928,-7.114725589752197,1.1497353315353394,0.6084111332893372
2026-05-06T18:54:27.465000+00:00,1778093667465,S023,15,49.80129212756503,1778093667440,1778093667502,1778093667465,watch_phone_bridge,1778093667439,0.008517861366271973,0.04423493146896362,-0.03527921438217163,-6.673751354217529,1.154850721359253,0.6553789377212524
2026-05-06T18:54:27.673000+00:00,1778093667673,S023,16,49.7952018012352,1778093667641,1778093667712,1778093667673,watch_phone_bridge,1778093667459,0.01566314697265625,0.05741715431213379,-0.08181194961071014,-6.750737190246582,1.178910255432129,0.6378491520881653
2026-05-06T18:54:27.673000+00:00,1778093667673,S023,16,49.7952018012352,1778093667641,1778093667712,1778093667673,watch_phone_bridge,1778093667480,0.05059385299682617,0.036280930042266846,-0.23252463340759277,-5.309361457824707,0.9822394251823425,0.7768147587776184
2026-05-06T18:54:27.673000+00:00,1778093667673,S023,16,49.7952018012352,1778093667641,1778093667712,1778093667673,watch_phone_bridge,1778093667500,0.00624239444732666,0.021969497203826904,-0.23247885704040527,-4.521418571472168,0.9783601760864258,0.7409301400184631
2026-05-06T18:54:27.673000+00:00,1778093667673,S023,16,49.7952018012352,1778093667641,1778093667712,1778093667673,watch_phone_bridge,1778093667521,-0.014331936836242676,-0.004999816417694092,-0.20465624332427979,-3.870938539505005,0.9277909398078918,0.6881790161132812
2026-05-06T18:54:27.673000+00:00,1778093667673,S023,16,49.7952018012352,1778093667641,1778093667712,1778093667673,watch_phone_bridge,1778093667540,-0.022932052612304688,-0.06922155618667603,-0.16850030422210693,-3.436157703399658,0.9452328681945801,0.5864762663841248
2026-05-06T18:54:27.673000+00:00,1778093667673,S023,16,49.7952018012352,1778093667641,1778093667712,1778093667673,watch_phone_bridge,1778093667564,-0.03059285879135132,-0.07730215787887573,-0.00611114501953125,-3.014934539794922,0.8625624775886536,0.452848881483078
2026-05-06T18:54:27.673000+00:00,1778093667673,S023,16,49.7952018012352,1778093667641,1778093667712,1778093667673,watch_phone_bridge,1778093667580,-0.032354116439819336,-0.05797767639160156,-0.03876957297325134,-2.6003353595733643,0.8086945414543152,0.37551915645599365
2026-05-06T18:54:27.673000+00:00,1778093667673,S023,16,49.7952018012352,1778093667641,1778093667712,1778093667673,watch_phone_bridge,1778093667600,-0.055514633655548096,-0.037230730056762695,-0.08756846189498901,-1.9264283180236816,0.7936239838600159,0.26987889409065247
2026-05-06T18:54:27.673000+00:00,1778093667673,S023,16,49.7952018012352,1778093667641,1778093667712,1778093667673,watch_phone_bridge,1778093667621,-0.05723613500595093,-0.06658315658569336,-0.07286244630813599,-1.1871904134750366,0.7594324350357056,0.16741697490215302
2026-05-06T18:54:27.673000+00:00,1778093667673,S023,16,49.7952018012352,1778093667641,1778093667712,1778093667673,watch_phone_bridge,1778093667641,-0.043433547019958496,-0.07750356197357178,-0.02127474546432495,-0.5568622946739197,0.7299760580062866,0.08947062492370605
2026-05-06T18:54:28.061000+00:00,1778093668061,S023,17,49.742014354642436,1778093667846,1778093668084,1778093668061,watch_phone_bridge,1778093667660,-0.012783527374267578,-0.07664847373962402,0.054373085498809814,-0.2318144142627716,0.6444072127342224,0.06392265111207962
2026-05-06T18:54:28.061000+00:00,1778093668061,S023,17,49.742014354642436,1778093667846,1778093668084,1778093668061,watch_phone_bridge,1778093667681,-0.0019282698631286621,-0.05441921949386597,0.10082805156707764,-0.18338721990585327,0.5300895571708679,0.054231513291597366
2026-05-06T18:54:28.061000+00:00,1778093668061,S023,17,49.742014354642436,1778093667846,1778093668084,1778093668061,watch_phone_bridge,1778093667701,0.012894093990325928,0.016272902488708496,0.10764104127883911,-0.17274656891822815,0.4182714819908142,0.07079259306192398
2026-05-06T18:54:28.061000+00:00,1778093668061,S023,17,49.742014354642436,1778093667846,1778093668084,1778093668061,watch_phone_bridge,1778093667721,0.04781675338745117,0.02925819158554077,0.12335211038589478,-0.07023803144693375,0.297841340303421,0.09120459854602814
2026-05-06T18:54:28.061000+00:00,1778093668061,S023,17,49.742014354642436,1778093667846,1778093668084,1778093668061,watch_phone_bridge,1778093667742,0.055307090282440186,0.06509488821029663,0.07113713026046753,0.20101824402809143,0.19435752928256989,0.10975565761327744
2026-05-06T18:54:28.061000+00:00,1778093668061,S023,17,49.742014354642436,1778093667846,1778093668084,1778093668061,watch_phone_bridge,1778093667761,0.05717825889587402,0.07768493890762329,0.033255040645599365,0.5007727146148682,0.12428625673055649,0.14223982393741608
2026-05-06T18:54:28.061000+00:00,1778093668061,S023,17,49.742014354642436,1778093667846,1778093668084,1778093668061,watch_phone_bridge,1778093667782,0.05456066131591797,0.08435726165771484,0.026311099529266357,0.721499502658844,0.06553235650062561,0.19005896151065826
2026-05-06T18:54:28.061000+00:00,1778093668061,S023,17,49.742014354642436,1778093667846,1778093668084,1778093668061,watch_phone_bridge,1778093667802,0.04234856367111206,0.06754028797149658,0.039379894733428955,0.828782320022583,0.01599801704287529,0.21237139403820038
2026-05-06T18:54:28.061000+00:00,1778093668061,S023,17,49.742014354642436,1778093667846,1778093668084,1778093668061,watch_phone_bridge,1778093667822,0.03097456693649292,0.08692038059234619,0.03210669755935669,0.9928995966911316,-0.030484262853860855,0.2396978884935379
2026-05-06T18:54:28.061000+00:00,1778093668061,S023,17,49.742014354642436,1778093667846,1778093668084,1778093668061,watch_phone_bridge,1778093667844,0.0012053847312927246,0.09360456466674805,0.008415669202804565,1.3743979930877686,-0.04633813723921776,0.24739637970924377
2026-05-06T18:54:28.087000+00:00,1778093668087,S023,18,49.80718991190528,1778093668042,1778093668101,1778093668087,watch_phone_bridge,1778093667861,-0.003909766674041748,0.08574080467224121,-0.013201653957366943,2.044278621673584,-0.059674181044101715,0.26094597578048706
2026-05-06T18:54:28.087000+00:00,1778093668087,S023,18,49.80718991190528,1778093668042,1778093668101,1778093668087,watch_phone_bridge,1778093667882,-0.030543386936187744,0.05880647897720337,-0.022692173719406128,2.623382091522217,-0.05692964419722557,0.2775353193283081
2026-05-06T18:54:28.087000+00:00,1778093668087,S023,18,49.80718991190528,1778093668042,1778093668101,1778093668087,watch_phone_bridge,1778093667902,-0.042865097522735596,0.022413551807403564,0.0012066662311553955,2.987621545791626,-0.07379886507987976,0.2822786271572113
2026-05-06T18:54:28.087000+00:00,1778093668087,S023,18,49.80718991190528,1778093668042,1778093668101,1778093668087,watch_phone_bridge,1778093667922,-0.024664342403411865,0.02008265256881714,0.01756688952445984,3.2376708984375,-0.12623156607151031,0.29750579595565796
2026-05-06T18:54:28.087000+00:00,1778093668087,S023,18,49.80718991190528,1778093668042,1778093668101,1778093668087,watch_phone_bridge,1778093667942,-0.012116730213165283,0.009676933288574219,0.0256650447845459,3.5692451000213623,-0.19766134023666382,0.32216373085975647
2026-05-06T18:54:28.087000+00:00,1778093668087,S023,18,49.80718991190528,1778093668042,1778093668101,1778093668087,watch_phone_bridge,1778093667963,-0.0175015926361084,0.033791184425354004,0.039874911308288574,3.9559576511383057,-0.2788720428943634,0.3333788514137268
2026-05-06T18:54:28.087000+00:00,1778093668087,S023,18,49.80718991190528,1778093668042,1778093668101,1778093668087,watch_phone_bridge,1778093667983,-0.020688295364379883,0.06297379732131958,0.04923129081726074,4.340500831604004,-0.3283236026763916,0.3835984766483307
2026-05-06T18:54:28.087000+00:00,1778093668087,S023,18,49.80718991190528,1778093668042,1778093668101,1778093668087,watch_phone_bridge,1778093668011,-0.015196144580841064,0.0589824914932251,0.07008397579193115,4.6873297691345215,-0.36475545167922974,0.4173893630504608
2026-05-06T18:54:28.087000+00:00,1778093668087,S023,18,49.80718991190528,1778093668042,1778093668101,1778093668087,watch_phone_bridge,1778093668023,0.0028021931648254395,0.05032747983932495,0.0785447433590889,4.890275478363037,-0.4095718264579773,0.45187968015670776
2026-05-06T18:54:28.087000+00:00,1778093668087,S023,18,49.80718991190528,1778093668042,1778093668101,1778093668087,watch_phone_bridge,1778093668042,0.0019209980964660645,0.08211642503738403,0.06489260494709015,5.219293594360352,-0.43350115418434143,0.48654070496559143
2026-05-06T18:54:28.312000+00:00,1778093668312,S023,19,49.801201770143614,1778093668243,1778093668338,1778093668312,watch_phone_bridge,1778093668062,-0.004742801189422607,0.10332894325256348,0.03951585292816162,5.754685401916504,-0.4112328886985779,0.46913042664527893
2026-05-06T18:54:28.312000+00:00,1778093668312,S023,19,49.801201770143614,1778093668243,1778093668338,1778093668312,watch_phone_bridge,1778093668082,0.0068152546882629395,0.13461673259735107,0.058702558279037476,6.355060577392578,-0.37369468808174133,0.4970453679561615
2026-05-06T18:54:28.312000+00:00,1778093668312,S023,19,49.801201770143614,1778093668243,1778093668338,1778093668312,watch_phone_bridge,1778093668103,0.01958519220352173,0.17783904075622559,0.08383148908615112,6.87606143951416,-0.40543654561042786,0.5557110905647278
2026-05-06T18:54:28.312000+00:00,1778093668312,S023,19,49.801201770143614,1778093668243,1778093668338,1778093668312,watch_phone_bridge,1778093668123,0.002870321273803711,0.21875739097595215,0.11399650573730469,7.228517055511475,-0.3666028082370758,0.6399142742156982
2026-05-06T18:54:28.312000+00:00,1778093668312,S023,19,49.801201770143614,1778093668243,1778093668338,1778093668312,watch_phone_bridge,1778093668143,-0.003529667854309082,0.20113545656204224,0.18472641706466675,7.105782508850098,-0.3144156336784363,0.7372177839279175
2026-05-06T18:54:28.312000+00:00,1778093668312,S023,19,49.801201770143614,1778093668243,1778093668338,1778093668312,watch_phone_bridge,1778093668163,0.007891237735748291,0.1369665265083313,0.2538905143737793,6.340010166168213,-0.27041730284690857,0.8582859635353088
2026-05-06T18:54:28.312000+00:00,1778093668312,S023,19,49.801201770143614,1778093668243,1778093668338,1778093668312,watch_phone_bridge,1778093668183,0.015297532081604004,0.10311675071716309,0.2855336666107178,5.292878150939941,-0.28239813446998596,0.871635913848877
2026-05-06T18:54:28.312000+00:00,1778093668312,S023,19,49.801201770143614,1778093668243,1778093668338,1778093668312,watch_phone_bridge,1778093668203,0.02066737413406372,0.06219284236431122,0.3348435163497925,4.0361008644104,-0.3510648310184479,0.9393084645271301
2026-05-06T18:54:28.312000+00:00,1778093668312,S023,19,49.801201770143614,1778093668243,1778093668338,1778093668312,watch_phone_bridge,1778093668223,0.027775347232818604,0.07119892537593842,0.3411065340042114,2.9050731658935547,-0.5184060335159302,0.9838721752166748
2026-05-06T18:54:28.312000+00:00,1778093668312,S023,19,49.801201770143614,1778093668243,1778093668338,1778093668312,watch_phone_bridge,1778093668243,0.02353590726852417,0.08051528036594391,0.3395065665245056,2.0189812183380127,-0.6607430577278137,1.085758924484253
2026-05-06T18:54:28.472000+00:00,1778093668472,S023,20,49.79806915867517,1778093668445,1778093668503,1778093668472,watch_phone_bridge,1778093668263,0.016875267028808594,0.062421925365924835,0.3045165538787842,1.3825181722640991,-0.7773717641830444,1.1352401971817017
2026-05-06T18:54:28.472000+00:00,1778093668472,S023,20,49.79806915867517,1778093668445,1778093668503,1778093668472,watch_phone_bridge,1778093668283,0.01588672399520874,-0.005686149001121521,0.2138683795928955,0.983524739742279,-0.8248900175094604,1.153689980506897
2026-05-06T18:54:28.472000+00:00,1778093668472,S023,20,49.79806915867517,1778093668445,1778093668503,1778093668472,watch_phone_bridge,1778093668304,-0.008464336395263672,-0.042282089591026306,0.1021953821182251,0.8578909635543823,-0.7825939059257507,1.096158742904663
2026-05-06T18:54:28.472000+00:00,1778093668472,S023,20,49.79806915867517,1778093668445,1778093668503,1778093668472,watch_phone_bridge,1778093668324,-0.025811314582824707,-0.0493040606379509,0.027673542499542236,0.7742288112640381,-0.7189388275146484,1.0539615154266357
2026-05-06T18:54:28.472000+00:00,1778093668472,S023,20,49.79806915867517,1778093668445,1778093668503,1778093668472,watch_phone_bridge,1778093668343,-0.032054245471954346,-0.045790091156959534,0.045983195304870605,0.46250176429748535,-0.6963414549827576,1.034844160079956
2026-05-06T18:54:28.472000+00:00,1778093668472,S023,20,49.79806915867517,1778093668445,1778093668503,1778093668472,watch_phone_bridge,1778093668364,-0.033361852169036865,-0.07093796133995056,0.06382542848587036,0.04279983788728714,-0.6944530010223389,0.9818231463432312
2026-05-06T18:54:28.472000+00:00,1778093668472,S023,20,49.79806915867517,1778093668445,1778093668503,1778093668472,watch_phone_bridge,1778093668384,-0.04705071449279785,-0.11878041923046112,-0.004584908485412598,-0.16876381635665894,-0.6714910864830017,0.8778673410415649
2026-05-06T18:54:28.472000+00:00,1778093668472,S023,20,49.79806915867517,1778093668445,1778093668503,1778093668472,watch_phone_bridge,1778093668404,-0.057594358921051025,-0.10619635879993439,-0.06538015604019165,-0.13332059979438782,-0.6294925808906555,0.78190678358078
2026-05-06T18:54:28.472000+00:00,1778093668472,S023,20,49.79806915867517,1778093668445,1778093668503,1778093668472,watch_phone_bridge,1778093668424,-0.06712377071380615,-0.1021403893828392,-0.06173861026763916,-0.08928069472312927,-0.6155189871788025,0.6801518201828003
2026-05-06T18:54:28.472000+00:00,1778093668472,S023,20,49.79806915867517,1778093668445,1778093668503,1778093668472,watch_phone_bridge,1778093668444,-0.05579829216003418,-0.12150164693593979,-0.014420926570892334,-0.1903063803911209,-0.6305213570594788,0.5812985301017761
2026-05-06T18:54:28.676000+00:00,1778093668676,S023,21,49.799603267151824,1778093668645,1778093668709,1778093668676,watch_phone_bridge,1778093668464,-0.04517245292663574,-0.09818071126937866,0.011861026287078857,-0.27094316482543945,-0.6515393853187561,0.5273404121398926
2026-05-06T18:54:28.676000+00:00,1778093668676,S023,21,49.799603267151824,1778093668645,1778093668709,1778093668676,watch_phone_bridge,1778093668484,-0.04453286528587341,-0.10058849304914474,-0.045151591300964355,-0.21223005652427673,-0.6389172673225403,0.44227394461631775
2026-05-06T18:54:28.676000+00:00,1778093668676,S023,21,49.799603267151824,1778093668645,1778093668709,1778093668676,watch_phone_bridge,1778093668504,-0.04394379258155823,-0.10866349190473557,-0.09146791696548462,-0.07764720916748047,-0.5721200108528137,0.34629473090171814
2026-05-06T18:54:28.676000+00:00,1778093668676,S023,21,49.799603267151824,1778093668645,1778093668709,1778093668676,watch_phone_bridge,1778093668530,-0.0298309326171875,-0.08539844304323196,-0.06268197298049927,-0.07731511443853378,-0.5225924849510193,0.26171931624412537
2026-05-06T18:54:28.676000+00:00,1778093668676,S023,21,49.799603267151824,1778093668645,1778093668709,1778093668676,watch_phone_bridge,1778093668545,-0.018662452697753906,-0.09696952253580093,-0.033723294734954834,-0.12610450387001038,-0.46292388439178467,0.15548866987228394
2026-05-06T18:54:28.676000+00:00,1778093668676,S023,21,49.799603267151824,1778093668645,1778093668709,1778093668676,watch_phone_bridge,1778093668564,-0.008776575326919556,-0.10646573454141617,-0.05929344892501831,-0.09370820224285126,-0.39866459369659424,0.06537871062755585
2026-05-06T18:54:28.676000+00:00,1778093668676,S023,21,49.799603267151824,1778093668645,1778093668709,1778093668676,watch_phone_bridge,1778093668585,-0.013427287340164185,-0.07426391541957855,-0.09239661693572998,0.04354419559240341,-0.3058490455150604,-0.005846523679792881
2026-05-06T18:54:28.676000+00:00,1778093668676,S023,21,49.799603267151824,1778093668645,1778093668709,1778093668676,watch_phone_bridge,1778093668609,-0.018403679132461548,-0.06907213479280472,-0.0762144923210144,0.008019756525754929,-0.23574797809123993,-0.06726892292499542
2026-05-06T18:54:28.676000+00:00,1778093668676,S023,21,49.799603267151824,1778093668645,1778093668709,1778093668676,watch_phone_bridge,1778093668636,-0.008900582790374756,-0.08541329205036163,-0.05246502161026001,-0.1749066561460495,-0.16920463740825653,-0.13548627495765686
2026-05-06T18:54:28.676000+00:00,1778093668676,S023,21,49.799603267151824,1778093668645,1778093668709,1778093668676,watch_phone_bridge,1778093668645,-0.007999449968338013,-0.050953060388565063,-0.04664510488510132,-0.19526119530200958,-0.14348335564136505,-0.1696297526359558
2026-05-06T18:54:28.900000+00:00,1778093668900,S023,22,49.79381997111005,1778093668847,1778093668931,1778093668900,watch_phone_bridge,1778093668665,-0.012117862701416016,-0.026968128979206085,-0.024553358554840088,-0.15925657749176025,-0.13661959767341614,-0.18665273487567902
2026-05-06T18:54:28.900000+00:00,1778093668900,S023,22,49.79381997111005,1778093668847,1778093668931,1778093668900,watch_phone_bridge,1778093668685,-0.015747934579849243,-0.024834617972373962,0.012957274913787842,-0.28925853967666626,-0.1397787481546402,-0.20097249746322632
2026-05-06T18:54:28.900000+00:00,1778093668900,S023,22,49.79381997111005,1778093668847,1778093668931,1778093668900,watch_phone_bridge,1778093668705,-0.013749301433563232,-0.03343149274587631,0.06975328922271729,-0.7358950972557068,-0.15600916743278503,-0.1734425574541092
2026-05-06T18:54:28.900000+00:00,1778093668900,S023,22,49.79381997111005,1778093668847,1778093668931,1778093668900,watch_phone_bridge,1778093668725,-0.004464834928512573,-0.06028427183628082,0.12979471683502197,-1.3924946784973145,-0.1938948780298233,-0.16423781216144562
2026-05-06T18:54:28.900000+00:00,1778093668900,S023,22,49.79381997111005,1778093668847,1778093668931,1778093668900,watch_phone_bridge,1778093668745,0.016912609338760376,-0.08538780361413956,0.18059051036834717,-2.4393150806427,-0.28826457262039185,-0.05579805001616478
2026-05-06T18:54:28.900000+00:00,1778093668900,S023,22,49.79381997111005,1778093668847,1778093668931,1778093668900,watch_phone_bridge,1778093668766,-0.002531707286834717,-0.09637480229139328,0.19323736429214478,-3.769763231277466,-0.3013906478881836,-0.02545095793902874
2026-05-06T18:54:28.900000+00:00,1778093668900,S023,22,49.79381997111005,1778093668847,1778093668931,1778093668900,watch_phone_bridge,1778093668786,-0.010704785585403442,-0.050429970026016235,0.0731084942817688,-4.374629497528076,-0.2475900650024414,-0.1538686901330948
2026-05-06T18:54:28.900000+00:00,1778093668900,S023,22,49.79381997111005,1778093668847,1778093668931,1778093668900,watch_phone_bridge,1778093668806,-0.021064013242721558,0.047505542635917664,-0.08240216970443726,-4.083666801452637,-0.19636507332324982,-0.24167965352535248
2026-05-06T18:54:28.900000+00:00,1778093668900,S023,22,49.79381997111005,1778093668847,1778093668931,1778093668900,watch_phone_bridge,1778093668826,-0.015232592821121216,0.07585805654525757,-0.09140145778656006,-4.151039123535156,-0.22670388221740723,-0.21497364342212677
2026-05-06T18:54:28.900000+00:00,1778093668900,S023,22,49.79381997111005,1778093668847,1778093668931,1778093668900,watch_phone_bridge,1778093668846,0.0003142356872558594,0.026415228843688965,-0.01492995023727417,-4.505867004394531,-0.2453865259885788,-0.16214078664779663
2026-05-06T18:54:29.123000+00:00,1778093669123,S023,23,49.79078156395372,1778093669048,1778093669156,1778093669123,watch_phone_bridge,1778093668866,-0.007812470197677612,-0.02877366542816162,0.04295462369918823,-5.176856994628906,-0.16475266218185425,-0.23853009939193726
2026-05-06T18:54:29.123000+00:00,1778093669123,S023,23,49.79078156395372,1778093669048,1778093669156,1778093669123,watch_phone_bridge,1778093668886,0.046953827142715454,-0.08339983224868774,0.021326422691345215,-5.719756126403809,-0.11955703049898148,-0.19159811735153198
2026-05-06T18:54:29.123000+00:00,1778093669123,S023,23,49.79078156395372,1778093669048,1778093669156,1778093669123,watch_phone_bridge,1778093668907,0.028629213571548462,0.012702584266662598,0.027794480323791504,-5.903332233428955,-0.011055970564484596,-0.20281678438186646
2026-05-06T18:54:29.123000+00:00,1778093669123,S023,23,49.79078156395372,1778093669048,1778093669156,1778093669123,watch_phone_bridge,1778093668926,-0.0015229284763336182,0.06955385208129883,-0.0637047290802002,-5.75773286819458,0.08834350854158401,-0.14985966682434082
2026-05-06T18:54:29.123000+00:00,1778093669123,S023,23,49.79078156395372,1778093669048,1778093669156,1778093669123,watch_phone_bridge,1778093668946,-0.011675924062728882,0.1166108250617981,-0.08311772346496582,-5.565618515014648,0.2289128303527832,-0.10567910969257355
2026-05-06T18:54:29.123000+00:00,1778093669123,S023,23,49.79078156395372,1778093669048,1778093669156,1778093669123,watch_phone_bridge,1778093668966,0.01639494299888611,0.0704582929611206,-0.08524328470230103,-5.274245738983154,0.2884359657764435,-0.13904382288455963
2026-05-06T18:54:29.123000+00:00,1778093669123,S023,23,49.79078156395372,1778093669048,1778093669156,1778093669123,watch_phone_bridge,1778093668987,0.019574522972106934,-0.018950045108795166,-0.09874743223190308,-5.030301570892334,0.36421385407447815,-0.11447462439537048
2026-05-06T18:54:29.123000+00:00,1778093669123,S023,23,49.79078156395372,1778093669048,1778093669156,1778093669123,watch_phone_bridge,1778093669007,-0.008442044258117676,-0.02198702096939087,-0.055432409048080444,-4.859553337097168,0.4247593283653259,-0.08249277621507645
2026-05-06T18:54:29.123000+00:00,1778093669123,S023,23,49.79078156395372,1778093669048,1778093669156,1778093669123,watch_phone_bridge,1778093669027,-0.014375686645507812,0.006238162517547607,-0.07406418025493622,-4.344456672668457,0.39942285418510437,-0.08190954476594925
2026-05-06T18:54:29.123000+00:00,1778093669123,S023,23,49.79078156395372,1778093669048,1778093669156,1778093669123,watch_phone_bridge,1778093669047,-0.017691969871520996,0.0653272271156311,-0.07486163824796677,-3.616535186767578,0.40453240275382996,-0.12725108861923218
2026-05-06T18:54:29.312000+00:00,1778093669312,S023,24,49.79338893462504,1778093669248,1778093669340,1778093669312,watch_phone_bridge,1778093669067,-0.0036104321479797363,-0.0074214935302734375,-0.07067090272903442,-2.928745746612549,0.3449162542819977,-0.20157906413078308
2026-05-06T18:54:29.312000+00:00,1778093669312,S023,24,49.79338893462504,1778093669248,1778093669340,1778093669312,watch_phone_bridge,1778093669087,-0.00856161117553711,-0.03648018836975098,-0.04102903604507446,-2.635488748550415,0.26295360922813416,-0.2835720181465149
2026-05-06T18:54:29.312000+00:00,1778093669312,S023,24,49.79338893462504,1778093669248,1778093669340,1778093669312,watch_phone_bridge,1778093669110,0.0013853013515472412,-0.02726370096206665,-0.04626059532165527,-1.701655387878418,0.2971830666065216,-0.19496430456638336
2026-05-06T18:54:29.312000+00:00,1778093669312,S023,24,49.79338893462504,1778093669248,1778093669340,1778093669312,watch_phone_bridge,1778093669136,-1.582503318786621e-05,-0.007971882820129395,0.03978956490755081,-1.4529273509979248,0.21196036040782928,-0.16008344292640686
2026-05-06T18:54:29.312000+00:00,1778093669312,S023,24,49.79338893462504,1778093669248,1778093669340,1778093669312,watch_phone_bridge,1778093669147,-0.002473801374435425,0.02247101068496704,0.044553518295288086,-1.2722805738449097,0.15800365805625916,-0.1283232718706131
2026-05-06T18:54:29.312000+00:00,1778093669312,S023,24,49.79338893462504,1778093669248,1778093669340,1778093669312,watch_phone_bridge,1778093669167,0.013425230979919434,0.04526585340499878,-0.01003633439540863,-1.0851367712020874,0.14849436283111572,-0.0812850296497345
2026-05-06T18:54:29.312000+00:00,1778093669312,S023,24,49.79338893462504,1778093669248,1778093669340,1778093669312,watch_phone_bridge,1778093669187,0.015720725059509277,0.08651554584503174,-0.0427241325378418,-0.8656376600265503,0.1422620266675949,-0.01687914878129959
2026-05-06T18:54:29.312000+00:00,1778093669312,S023,24,49.79338893462504,1778093669248,1778093669340,1778093669312,watch_phone_bridge,1778093669208,0.00997239351272583,0.04286926984786987,-0.041064754128456116,-0.8986313343048096,0.1649288684129715,0.039914678782224655
2026-05-06T18:54:29.312000+00:00,1778093669312,S023,24,49.79338893462504,1778093669248,1778093669340,1778093669312,watch_phone_bridge,1778093669228,0.0009101629257202148,0.004630088806152344,-0.01603388786315918,-1.1444929838180542,0.17136922478675842,0.051605474203825
2026-05-06T18:54:29.312000+00:00,1778093669312,S023,24,49.79338893462504,1778093669248,1778093669340,1778093669312,watch_phone_bridge,1778093669248,0.001301109790802002,-0.04736143350601196,-0.018644213676452637,-1.461972951889038,0.1859189122915268,0.024480169638991356
2026-05-06T18:54:29.502000+00:00,1778093669502,S023,25,49.792672593124365,1778093669449,1778093669535,1778093669502,watch_phone_bridge,1778093669268,0.005335092544555664,-0.012257397174835205,-0.004541277885437012,-1.6711843013763428,0.19247916340827942,0.016375211998820305
2026-05-06T18:54:29.502000+00:00,1778093669502,S023,25,49.792672593124365,1778093669449,1778093669535,1778093669502,watch_phone_bridge,1778093669288,0.008960127830505371,-0.01844477653503418,0.008081108331680298,-1.834822177886963,0.17946211993694305,0.018649177625775337
2026-05-06T18:54:29.502000+00:00,1778093669502,S023,25,49.792672593124365,1778093669449,1778093669535,1778093669502,watch_phone_bridge,1778093669309,0.002198845148086548,0.0006483197212219238,0.00906720757484436,-1.7109521627426147,0.16491562128067017,0.007674770895391703
2026-05-06T18:54:29.502000+00:00,1778093669502,S023,25,49.792672593124365,1778093669449,1778093669535,1778093669502,watch_phone_bridge,1778093669328,0.010643035173416138,0.03867602348327637,-0.0003622472286224365,-1.44187331199646,0.13975173234939575,0.047771748155355453
2026-05-06T18:54:29.502000+00:00,1778093669502,S023,25,49.792672593124365,1778093669449,1778093669535,1778093669502,watch_phone_bridge,1778093669348,0.002132982015609741,0.03219550848007202,0.0031866729259490967,-1.0167310237884521,0.09763277322053909,0.044013604521751404
2026-05-06T18:54:29.502000+00:00,1778093669502,S023,25,49.792672593124365,1778093669449,1778093669535,1778093669502,watch_phone_bridge,1778093669368,0.007440775632858276,0.013130903244018555,0.008320003747940063,-0.7063242197036743,0.05075189098715782,0.035338837653398514
2026-05-06T18:54:29.502000+00:00,1778093669502,S023,25,49.792672593124365,1778093669449,1778093669535,1778093669502,watch_phone_bridge,1778093669388,0.010107547044754028,-0.002490520477294922,0.02637818455696106,-0.45288366079330444,-0.004195743706077337,0.0033205023501068354
2026-05-06T18:54:29.502000+00:00,1778093669502,S023,25,49.792672593124365,1778093669449,1778093669535,1778093669502,watch_phone_bridge,1778093669418,0.014287322759628296,-0.01482301950454712,0.015926450490951538,-0.40638941526412964,-0.029922030866146088,-0.003091590479016304
2026-05-06T18:54:29.502000+00:00,1778093669502,S023,25,49.792672593124365,1778093669449,1778093669535,1778093669502,watch_phone_bridge,1778093669429,0.004541218280792236,0.005669534206390381,-0.01715761423110962,-0.22211864590644836,-0.03199389576911926,-0.025111351162195206
2026-05-06T18:54:29.502000+00:00,1778093669502,S023,25,49.792672593124365,1778093669449,1778093669535,1778093669502,watch_phone_bridge,1778093669449,0.011456787586212158,0.048438966274261475,-0.029425203800201416,-0.023371722549200058,-0.013932564295828342,0.0028222783003002405
2026-05-06T18:54:29.661000+00:00,1778093669661,S023,26,49.79026769529144,1778093669650,1778093669697,1778093669661,watch_phone_bridge,1778093669469,0.0024321377277374268,0.02188396453857422,-0.020407259464263916,0.18699777126312256,-0.017347194254398346,0.006817978341132402
2026-05-06T18:54:29.661000+00:00,1778093669661,S023,26,49.79026769529144,1778093669650,1778093669697,1778093669661,watch_phone_bridge,1778093669489,-0.001442939043045044,0.024457871913909912,-0.029830843210220337,0.33773696422576904,0.004143717233091593,0.02116629108786583
2026-05-06T18:54:29.661000+00:00,1778093669661,S023,26,49.79026769529144,1778093669650,1778093669697,1778093669661,watch_phone_bridge,1778093669509,0.0010587573051452637,0.033711373805999756,-0.03393101692199707,0.48076894879341125,0.025260567665100098,0.04517436772584915
2026-05-06T18:54:29.661000+00:00,1778093669661,S023,26,49.79026769529144,1778093669650,1778093669697,1778093669661,watch_phone_bridge,1778093669529,0.0007024705410003662,0.056317031383514404,-0.042395710945129395,0.6401500701904297,0.05717684328556061,0.09416518360376358
2026-05-06T18:54:29.661000+00:00,1778093669661,S023,26,49.79026769529144,1778093669650,1778093669697,1778093669661,watch_phone_bridge,1778093669549,-0.008289515972137451,0.056881844997406006,-0.04244479537010193,0.8398229479789734,0.08016958832740784,0.12516598403453827
2026-05-06T18:54:29.661000+00:00,1778093669661,S023,26,49.79026769529144,1778093669650,1778093669697,1778093669661,watch_phone_bridge,1778093669569,-0.00801163911819458,0.07641828060150146,-0.039388507604599,1.2199804782867432,0.1024923175573349,0.1336265653371811
2026-05-06T18:54:29.661000+00:00,1778093669661,S023,26,49.79026769529144,1778093669650,1778093669697,1778093669661,watch_phone_bridge,1778093669595,-0.004677295684814453,0.0830683708190918,-0.015950649976730347,2.0417263507843018,0.0959622859954834,0.09565144777297974
2026-05-06T18:54:29.661000+00:00,1778093669661,S023,26,49.79026769529144,1778093669650,1778093669697,1778093669661,watch_phone_bridge,1778093669610,-0.002503037452697754,0.12447530031204224,0.012063741683959961,3.0372703075408936,0.03980850428342819,0.14773477613925934
2026-05-06T18:54:29.661000+00:00,1778093669661,S023,26,49.79026769529144,1778093669650,1778093669697,1778093669661,watch_phone_bridge,1778093669630,-0.007725805044174194,0.11688655614852905,0.026315435767173767,3.9498281478881836,-0.014486463740468025,0.18456469476222992
2026-05-06T18:54:29.661000+00:00,1778093669661,S023,26,49.79026769529144,1778093669650,1778093669697,1778093669661,watch_phone_bridge,1778093669650,-0.013224601745605469,0.10938006639480591,0.030841946601867676,4.700987339019775,-0.08919573575258255,0.19829979538917542
2026-05-06T18:54:29.902000+00:00,1778093669902,S023,27,49.79245764762353,1778093669851,1778093669936,1778093669902,watch_phone_bridge,1778093669670,-0.017954140901565552,0.1154206395149231,0.03519177436828613,5.180859088897705,-0.11947417259216309,0.2483695149421692
2026-05-06T18:54:29.902000+00:00,1778093669902,S023,27,49.79245764762353,1778093669851,1778093669936,1778093669902,watch_phone_bridge,1778093669697,-0.015874117612838745,0.0835224986076355,0.035768330097198486,5.4057817459106445,-0.15162935853004456,0.29415446519851685
2026-05-06T18:54:29.902000+00:00,1778093669902,S023,27,49.79245764762353,1778093669851,1778093669936,1778093669902,watch_phone_bridge,1778093669711,-0.01807260513305664,0.041126549243927,0.05748790502548218,5.5992817878723145,-0.18366798758506775,0.2775524854660034
2026-05-06T18:54:29.902000+00:00,1778093669902,S023,27,49.79245764762353,1778093669851,1778093669936,1778093669902,watch_phone_bridge,1778093669730,-0.009512096643447876,0.06553888320922852,0.092529296875,5.539820671081543,-0.06868403404951096,0.32194632291793823
2026-05-06T18:54:29.902000+00:00,1778093669902,S023,27,49.79245764762353,1778093669851,1778093669936,1778093669902,watch_phone_bridge,1778093669750,0.006845653057098389,0.032166123390197754,0.13562136888504028,5.239793300628662,0.008657623082399368,0.3332333266735077
2026-05-06T18:54:29.902000+00:00,1778093669902,S023,27,49.79245764762353,1778093669851,1778093669936,1778093669902,watch_phone_bridge,1778093669770,0.025305330753326416,-0.027826547622680664,0.15226519107818604,4.727983474731445,-0.015948768705129623,0.2808898985385895
2026-05-06T18:54:29.902000+00:00,1778093669902,S023,27,49.79245764762353,1778093669851,1778093669936,1778093669902,watch_phone_bridge,1778093669790,0.021822810173034668,-0.055287182331085205,0.0948212742805481,4.516539573669434,-0.08313020318746567,0.18200565874576569
2026-05-06T18:54:29.902000+00:00,1778093669902,S023,27,49.79245764762353,1778093669851,1778093669936,1778093669902,watch_phone_bridge,1778093669810,-0.007217526435852051,0.046601712703704834,-0.0481184720993042,5.148707866668701,0.09357506036758423,0.19023004174232483
2026-05-06T18:54:29.902000+00:00,1778093669902,S023,27,49.79245764762353,1778093669851,1778093669936,1778093669902,watch_phone_bridge,1778093669830,-0.02804359793663025,0.1780431866645813,0.02221524715423584,6.183677673339844,0.2955084443092346,0.18520279228687286
2026-05-06T18:54:29.902000+00:00,1778093669902,S023,27,49.79245764762353,1778093669851,1778093669936,1778093669902,watch_phone_bridge,1778093669850,0.017902523279190063,0.15773338079452515,0.12763738632202148,7.150756359100342,0.11865393817424774,0.12962692975997925
2026-05-06T18:54:30.083000+00:00,1778093670083,S023,28,49.789337204595704,1778093670052,1778093670107,1778093670083,watch_phone_bridge,1778093669871,0.018119722604751587,0.11523783206939697,0.20191752910614014,7.600537300109863,-0.005806841887533665,0.06347779184579849
2026-05-06T18:54:30.083000+00:00,1778093670083,S023,28,49.789337204595704,1778093670052,1778093670107,1778093670083,watch_phone_bridge,1778093669891,-0.019389837980270386,-0.005245774984359741,0.17156559228897095,6.842536449432373,0.0346689447760582,0.03839827701449394
2026-05-06T18:54:30.083000+00:00,1778093670083,S023,28,49.789337204595704,1778093670052,1778093670107,1778093670083,watch_phone_bridge,1778093669911,-0.03167107701301575,-0.19821348786354065,0.19344580173492432,4.490358352661133,0.017149759456515312,-0.011117345653474331
2026-05-06T18:54:30.083000+00:00,1778093670083,S023,28,49.789337204595704,1778093670052,1778093670107,1778093670083,watch_phone_bridge,1778093669931,0.002625197172164917,-0.17970646917819977,0.1848122477531433,2.053082227706909,-0.02886624075472355,0.09282711148262024
2026-05-06T18:54:30.083000+00:00,1778093670083,S023,28,49.789337204595704,1778093670052,1778093670107,1778093670083,watch_phone_bridge,1778093669951,0.025151997804641724,0.03783227503299713,0.19689661264419556,0.6561346054077148,-0.20398874580860138,0.10666723549365997
2026-05-06T18:54:30.083000+00:00,1778093670083,S023,28,49.789337204595704,1778093670052,1778093670107,1778093670083,watch_phone_bridge,1778093669971,0.022893130779266357,0.13049912452697754,0.16572266817092896,0.018172791227698326,-0.2837376296520233,0.22851526737213135
2026-05-06T18:54:30.083000+00:00,1778093670083,S023,28,49.789337204595704,1778093670052,1778093670107,1778093670083,watch_phone_bridge,1778093669991,0.020924270153045654,0.1582638919353485,0.09149390459060669,0.012587342411279678,-0.3873816430568695,0.2816285789012909
2026-05-06T18:54:30.083000+00:00,1778093670083,S023,28,49.789337204595704,1778093670052,1778093670107,1778093670083,watch_phone_bridge,1778093670011,0.026189982891082764,0.10774514824151993,0.03926122188568115,0.14692091941833496,-0.4453703761100769,0.31805476546287537
2026-05-06T18:54:30.083000+00:00,1778093670083,S023,28,49.789337204595704,1778093670052,1778093670107,1778093670083,watch_phone_bridge,1778093670031,0.017920970916748047,-0.022892922163009644,0.03583395481109619,-0.18474116921424866,-0.45505866408348083,0.3006831109523773
2026-05-06T18:54:30.083000+00:00,1778093670083,S023,28,49.789337204595704,1778093670052,1778093670107,1778093670083,watch_phone_bridge,1778093670051,0.014091044664382935,-0.06300250440835953,0.05909538269042969,-0.8075563311576843,-0.4675680696964264,0.31224244832992554
2026-05-06T18:54:30.296000+00:00,1778093670296,S023,29,49.79475918935966,1778093670252,1778093670330,1778093670296,watch_phone_bridge,1778093670071,0.009647071361541748,-0.06176704168319702,0.09514826536178589,-1.3806211948394775,-0.5216618180274963,0.30458515882492065
2026-05-06T18:54:30.296000+00:00,1778093670296,S023,29,49.79475918935966,1778093670252,1778093670330,1778093670296,watch_phone_bridge,1778093670092,0.010633021593093872,-0.06000405550003052,0.11927956342697144,-1.5790528059005737,-0.5824674367904663,0.24689778685569763
2026-05-06T18:54:30.296000+00:00,1778093670296,S023,29,49.79475918935966,1778093670252,1778093670330,1778093670296,watch_phone_bridge,1778093670112,0.006012946367263794,-0.07610428333282471,0.10414457321166992,-1.3498083353042603,-0.6727321147918701,0.14687538146972656
2026-05-06T18:54:30.296000+00:00,1778093670296,S023,29,49.79475918935966,1778093670252,1778093670330,1778093670296,watch_phone_bridge,1778093670137,-0.0016236305236816406,-0.0008533447980880737,0.007768392562866211,-0.8185995817184448,-0.7121778130531311,0.1877112239599228
2026-05-06T18:54:30.296000+00:00,1778093670296,S023,29,49.79475918935966,1778093670252,1778093670330,1778093670296,watch_phone_bridge,1778093670154,-0.02171337604522705,0.04271598160266876,-0.09281814098358154,-0.3806142807006836,-0.6528202295303345,0.22092606127262115
2026-05-06T18:54:30.296000+00:00,1778093670296,S023,29,49.79475918935966,1778093670252,1778093670330,1778093670296,watch_phone_bridge,1778093670172,-0.02162301540374756,0.0017638951539993286,-0.12416321039199829,-0.19119055569171906,-0.5487073659896851,0.17977355420589447
2026-05-06T18:54:30.296000+00:00,1778093670296,S023,29,49.79475918935966,1778093670252,1778093670330,1778093670296,watch_phone_bridge,1778093670192,-0.004541158676147461,-0.04123102128505707,-0.07461953163146973,-0.11796693503856659,-0.46003657579421997,0.1529870629310608
2026-05-06T18:54:30.296000+00:00,1778093670296,S023,29,49.79475918935966,1778093670252,1778093670330,1778093670296,watch_phone_bridge,1778093670212,0.013110876083374023,-0.029670968651771545,-0.038532137870788574,-0.09820335358381271,-0.4327714443206787,0.17181669175624847
2026-05-06T18:54:30.296000+00:00,1778093670296,S023,29,49.79475918935966,1778093670252,1778093670330,1778093670296,watch_phone_bridge,1778093670232,0.007346510887145996,-0.022658705711364746,-0.03189730644226074,-0.05569504201412201,-0.4164561629295349,0.1514025330543518
2026-05-06T18:54:30.296000+00:00,1778093670296,S023,29,49.79475918935966,1778093670252,1778093670330,1778093670296,watch_phone_bridge,1778093670252,0.01496213674545288,-0.0066838860511779785,-0.04811471700668335,0.07122854888439178,-0.3944522738456726,0.14032143354415894
2026-05-06T18:54:30.515000+00:00,1778093670515,S023,30,49.788845032570414,1778093670454,1778093670551,1778093670515,watch_phone_bridge,1778093670277,0.014484047889709473,-0.0058924853801727295,-0.06565779447555542,0.2196720838546753,-0.36541515588760376,0.11576177179813385
2026-05-06T18:54:30.515000+00:00,1778093670515,S023,30,49.788845032570414,1778093670454,1778093670551,1778093670515,watch_phone_bridge,1778093670293,0.00019615888595581055,-0.00993753969669342,-0.06711024045944214,0.2908399999141693,-0.3022024929523468,0.08268824219703674
2026-05-06T18:54:30.515000+00:00,1778093670515,S023,30,49.788845032570414,1778093670454,1778093670551,1778093670515,watch_phone_bridge,1778093670313,-0.007415086030960083,-0.04789504408836365,-0.03604304790496826,0.251367449760437,-0.24748900532722473,0.03842394798994064
2026-05-06T18:54:30.515000+00:00,1778093670515,S023,30,49.788845032570414,1778093670454,1778093670551,1778093670515,watch_phone_bridge,1778093670333,-0.0017054975032806396,-0.03951956331729889,-0.05220925807952881,0.18687233328819275,-0.18359065055847168,0.0264277383685112
2026-05-06T18:54:30.515000+00:00,1778093670515,S023,30,49.788845032570414,1778093670454,1778093670551,1778093670515,watch_phone_bridge,1778093670353,-0.0019788742065429688,-0.017516687512397766,-0.06598860025405884,0.14516429603099823,-0.14422984421253204,0.017424123361706734
2026-05-06T18:54:30.515000+00:00,1778093670515,S023,30,49.788845032570414,1778093670454,1778093670551,1778093670515,watch_phone_bridge,1778093670373,0.004477947950363159,0.0015042424201965332,-0.05608898401260376,0.2721414268016815,-0.12053034454584122,-0.009673167020082474
2026-05-06T18:54:30.515000+00:00,1778093670515,S023,30,49.788845032570414,1778093670454,1778093670551,1778093670515,watch_phone_bridge,1778093670393,0.02145889401435852,0.021431565284729004,-0.040374815464019775,0.36852946877479553,-0.15647947788238525,-0.014607366174459457
2026-05-06T18:54:30.515000+00:00,1778093670515,S023,30,49.788845032570414,1778093670454,1778093670551,1778093670515,watch_phone_bridge,1778093670415,0.024576514959335327,0.056112825870513916,-0.015913546085357666,0.49731701612472534,-0.19341009855270386,0.01290825568139553
2026-05-06T18:54:30.515000+00:00,1778093670515,S023,30,49.788845032570414,1778093670454,1778093670551,1778093670515,watch_phone_bridge,1778093670433,0.025860458612442017,0.041464969515800476,0.005882203578948975,0.6019076108932495,-0.2208198457956314,0.01806647889316082
2026-05-06T18:54:30.515000+00:00,1778093670515,S023,30,49.788845032570414,1778093670454,1778093670551,1778093670515,watch_phone_bridge,1778093670453,0.022279947996139526,0.007981792092323303,0.019636213779449463,0.5976345539093018,-0.25394582748413086,0.0451522134244442
2026-05-06T18:54:30.724000+00:00,1778093670724,S023,31,49.789054592325805,1778093670655,1778093670756,1778093670724,watch_phone_bridge,1778093670473,0.01444205641746521,0.005626961588859558,0.04867583513259888,0.5760440826416016,-0.26396089792251587,0.053816646337509155
2026-05-06T18:54:30.724000+00:00,1778093670724,S023,31,49.789054592325805,1778093670655,1778093670756,1778093670724,watch_phone_bridge,1778093670494,0.0022266805171966553,-0.009683527052402496,0.04748016595840454,0.5444312691688538,-0.27442970871925354,0.04025604575872421
2026-05-06T18:54:30.724000+00:00,1778093670724,S023,31,49.789054592325805,1778093670655,1778093670756,1778093670724,watch_phone_bridge,1778093670514,-0.013454481959342957,-0.021370917558670044,0.007703959941864014,0.4587416648864746,-0.23631225526332855,0.027372734621167183
2026-05-06T18:54:30.724000+00:00,1778093670724,S023,31,49.789054592325805,1778093670655,1778093670756,1778093670724,watch_phone_bridge,1778093670534,-0.02153150737285614,-0.0799238532781601,-0.005870997905731201,0.2873872220516205,-0.20700356364250183,-0.0010430336697027087
2026-05-06T18:54:30.724000+00:00,1778093670724,S023,31,49.789054592325805,1778093670655,1778093670756,1778093670724,watch_phone_bridge,1778093670554,-0.029678568243980408,-0.13992919027805328,0.0024706125259399414,-0.04366154968738556,-0.17583487927913666,-0.03030126728117466
2026-05-06T18:54:30.724000+00:00,1778093670724,S023,31,49.789054592325805,1778093670655,1778093670756,1778093670724,watch_phone_bridge,1778093670574,-0.049311548471450806,-0.1115754246711731,0.023645102977752686,-0.381253719329834,-0.09704533219337463,-0.027293333783745766
2026-05-06T18:54:30.724000+00:00,1778093670724,S023,31,49.789054592325805,1778093670655,1778093670756,1778093670724,watch_phone_bridge,1778093670595,-0.05376698076725006,-0.013772331178188324,-0.012899696826934814,-0.49187448620796204,-0.008526500314474106,-0.02870827168226242
2026-05-06T18:54:30.724000+00:00,1778093670724,S023,31,49.789054592325805,1778093670655,1778093670756,1778093670724,watch_phone_bridge,1778093670615,-0.03673252463340759,-0.01744820922613144,-0.037408649921417236,-0.5434583425521851,0.07616453617811203,-0.04726528003811836
2026-05-06T18:54:30.724000+00:00,1778093670724,S023,31,49.789054592325805,1778093670655,1778093670756,1778093670724,watch_phone_bridge,1778093670634,-0.012268483638763428,-0.02069062739610672,-0.029430747032165527,-0.5575278401374817,0.1255311220884323,-0.07544226944446564
2026-05-06T18:54:30.724000+00:00,1778093670724,S023,31,49.789054592325805,1778093670655,1778093670756,1778093670724,watch_phone_bridge,1778093670654,0.012256309390068054,-0.040238648653030396,-0.0005931258201599121,-0.5889914631843567,0.11516115814447403,-0.08238784968852997
2026-05-06T18:54:30.896000+00:00,1778093670896,S023,32,49.78835251848306,1778093670856,1778093670925,1778093670896,watch_phone_bridge,1778093670679,0.015143722295761108,0.006074234843254089,-0.0033482909202575684,-0.48950397968292236,0.09879519790410995,-0.08378089964389801
2026-05-06T18:54:30.896000+00:00,1778093670896,S023,32,49.78835251848306,1778093670856,1778093670925,1778093670896,watch_phone_bridge,1778093670694,0.0069955140352249146,0.04882366955280304,-0.03511613607406616,-0.2685391306877136,0.09811320155858994,-0.06937985122203827
2026-05-06T18:54:30.896000+00:00,1778093670896,S023,32,49.78835251848306,1778093670856,1778093670925,1778093670896,watch_phone_bridge,1778093670714,0.009595826268196106,0.03229379653930664,-0.03505349159240723,-0.12776631116867065,0.09717147052288055,-0.049859680235385895
2026-05-06T18:54:30.896000+00:00,1778093670896,S023,32,49.78835251848306,1778093670856,1778093670925,1778093670896,watch_phone_bridge,1778093670734,0.02554328739643097,-0.024816706776618958,0.007823169231414795,-0.17300301790237427,0.04447359964251518,-0.025255268439650536
2026-05-06T18:54:30.896000+00:00,1778093670896,S023,32,49.78835251848306,1778093670856,1778093670925,1778093670896,watch_phone_bridge,1778093670754,0.03017108142375946,-0.013432055711746216,0.03164064884185791,-0.21898221969604492,-0.0189525093883276,0.0011227555805817246
2026-05-06T18:54:30.896000+00:00,1778093670896,S023,32,49.78835251848306,1778093670856,1778093670925,1778093670896,watch_phone_bridge,1778093670775,0.02344389259815216,0.036263078451156616,0.009315669536590576,-0.1088847666978836,-0.07946573197841644,0.014871804043650627
2026-05-06T18:54:30.896000+00:00,1778093670896,S023,32,49.78835251848306,1778093670856,1778093670925,1778093670896,watch_phone_bridge,1778093670795,0.016192659735679626,0.04076175391674042,-0.02868938446044922,0.058068275451660156,-0.1044374331831932,0.016694258898496628
2026-05-06T18:54:30.896000+00:00,1778093670896,S023,32,49.78835251848306,1778093670856,1778093670925,1778093670896,watch_phone_bridge,1778093670815,0.01350712776184082,0.01721450686454773,-0.01381605863571167,0.19336457550525665,-0.10089313983917236,0.0268415417522192
2026-05-06T18:54:30.896000+00:00,1778093670896,S023,32,49.78835251848306,1778093670856,1778093670925,1778093670896,watch_phone_bridge,1778093670835,0.011952728033065796,0.05704106390476227,-0.03591209650039673,0.32591596245765686,-0.11233218014240265,-0.015152407810091972
2026-05-06T18:54:30.896000+00:00,1778093670896,S023,32,49.78835251848306,1778093670856,1778093670925,1778093670896,watch_phone_bridge,1778093670855,-0.003696456551551819,-0.03402973711490631,-0.03198641538619995,0.3103519082069397,-0.0801861509680748,-0.010564473457634449
2026-05-06T18:54:31.076000+00:00,1778093671076,S023,33,49.78620571861049,1778093671057,1778093671113,1778093671076,watch_phone_bridge,1778093670875,7.581710815429688e-05,-0.01921302080154419,-0.01783090829849243,0.2902735471725464,-0.07198669761419296,-0.026075735688209534
2026-05-06T18:54:31.076000+00:00,1778093671076,S023,33,49.78620571861049,1778093671057,1778093671113,1778093671076,watch_phone_bridge,1778093670895,-0.002143546938896179,-0.02745455503463745,0.012297272682189941,0.24311083555221558,-0.055031225085258484,-0.03076433762907982
2026-05-06T18:54:31.076000+00:00,1778093671076,S023,33,49.78620571861049,1778093671057,1778093671113,1778093671076,watch_phone_bridge,1778093670915,0.0014019161462783813,-0.049923717975616455,0.024042069911956787,0.15097211301326752,-0.06777700781822205,-0.02958833985030651
2026-05-06T18:54:31.076000+00:00,1778093671076,S023,33,49.78620571861049,1778093671057,1778093671113,1778093671076,watch_phone_bridge,1778093670935,0.00037086009979248047,-0.020106881856918335,0.012409627437591553,0.09830251336097717,-0.06769102066755295,-0.008726678788661957
2026-05-06T18:54:31.076000+00:00,1778093671076,S023,33,49.78620571861049,1778093671057,1778093671113,1778093671076,watch_phone_bridge,1778093670956,-0.0023760050535202026,0.012469783425331116,-0.026106953620910645,0.1334676891565323,-0.05551554262638092,0.00047912256559357047
2026-05-06T18:54:31.076000+00:00,1778093671076,S023,33,49.78620571861049,1778093671057,1778093671113,1778093671076,watch_phone_bridge,1778093670976,-0.0022829920053482056,0.0059318095445632935,-0.023899078369140625,0.15516260266304016,-0.036713775247335434,-0.0012830911437049508
2026-05-06T18:54:31.076000+00:00,1778093671076,S023,33,49.78620571861049,1778093671057,1778093671113,1778093671076,watch_phone_bridge,1778093670996,0.004170700907707214,-0.004504606127738953,-0.0038820505142211914,0.1448250114917755,-0.03356558084487915,0.00784223061054945
2026-05-06T18:54:31.076000+00:00,1778093671076,S023,33,49.78620571861049,1778093671057,1778093671113,1778093671076,watch_phone_bridge,1778093671016,0.0035783201456069946,-0.02904696762561798,0.0032741427421569824,0.09669795632362366,-0.02705007791519165,0.009544417262077332
2026-05-06T18:54:31.076000+00:00,1778093671076,S023,33,49.78620571861049,1778093671057,1778093671113,1778093671076,watch_phone_bridge,1778093671036,-0.002654328942298889,-0.02730800211429596,0.013406157493591309,0.049210865050554276,-0.018529942259192467,0.00793373677879572
2026-05-06T18:54:31.076000+00:00,1778093671076,S023,33,49.78620571861049,1778093671057,1778093671113,1778093671076,watch_phone_bridge,1778093671056,-0.004526391625404358,-0.002884186804294586,-0.012879014015197754,0.044768184423446655,0.0004930557915940881,0.005718466360121965
2026-05-06T18:54:31.322000+00:00,1778093671322,S023,34,49.789368556757275,1778093671257,1778093671360,1778093671322,watch_phone_bridge,1778093671076,0.0032743513584136963,-0.013144493103027344,-0.01687401533126831,0.031039586290717125,0.001860436866991222,0.009063023142516613
2026-05-06T18:54:31.322000+00:00,1778093671322,S023,34,49.789368556757275,1778093671257,1778093671360,1778093671322,watch_phone_bridge,1778093671096,0.0040547847747802734,-0.017132684588432312,-0.004806935787200928,0.01145762950181961,-0.00837473850697279,0.006297064013779163
2026-05-06T18:54:31.322000+00:00,1778093671322,S023,34,49.789368556757275,1778093671257,1778093671360,1778093671322,watch_phone_bridge,1778093671116,0.007558107376098633,-0.02019745111465454,0.003803730010986328,-0.04143407940864563,-0.02183336578309536,0.012130558490753174
2026-05-06T18:54:31.322000+00:00,1778093671322,S023,34,49.789368556757275,1778093671257,1778093671360,1778093671322,watch_phone_bridge,1778093671136,0.0053778886795043945,-0.006463557481765747,0.010255873203277588,-0.02604314126074314,-0.030876317992806435,0.007497564423829317
2026-05-06T18:54:31.322000+00:00,1778093671322,S023,34,49.789368556757275,1778093671257,1778093671360,1778093671322,watch_phone_bridge,1778093671156,0.005259498953819275,0.007035605609416962,-0.014095902442932129,0.04291195422410965,-0.044683896005153656,0.007023574318736792
2026-05-06T18:54:31.322000+00:00,1778093671322,S023,34,49.789368556757275,1778093671257,1778093671360,1778093671322,watch_phone_bridge,1778093671176,0.0025741010904312134,0.010009191930294037,-0.014074504375457764,0.07662464678287506,-0.03362009674310684,0.02799719199538231
2026-05-06T18:54:31.322000+00:00,1778093671322,S023,34,49.789368556757275,1778093671257,1778093671360,1778093671322,watch_phone_bridge,1778093671196,0.012047380208969116,0.006243519484996796,-0.002771615982055664,0.10027618706226349,-0.05067775771021843,0.03468332439661026
2026-05-06T18:54:31.322000+00:00,1778093671322,S023,34,49.789368556757275,1778093671257,1778093671360,1778093671322,watch_phone_bridge,1778093671216,0.003315940499305725,-0.010502897202968597,-0.0009683966636657715,0.10009349137544632,-0.043865885585546494,0.024049801751971245
2026-05-06T18:54:31.322000+00:00,1778093671322,S023,34,49.789368556757275,1778093671257,1778093671360,1778093671322,watch_phone_bridge,1778093671237,-0.0005988478660583496,-0.02270205318927765,0.0010541677474975586,0.07549813389778137,-0.025618895888328552,0.01912716217339039
2026-05-06T18:54:31.322000+00:00,1778093671322,S023,34,49.789368556757275,1778093671257,1778093671360,1778093671322,watch_phone_bridge,1778093671257,-0.002920597791671753,-0.010149314999580383,0.0004897117614746094,0.0740690752863884,-0.01480893511325121,0.01179654523730278
2026-05-06T18:54:31.567000+00:00,1778093671567,S023,35,49.74664732610395,1778093671464,1778093671599,1778093671567,watch_phone_bridge,1778093671277,-0.004719644784927368,-0.009812436997890472,-0.008031845092773438,0.08193498849868774,0.00778505764901638,0.0029074461199343204
2026-05-06T18:54:31.567000+00:00,1778093671567,S023,35,49.74664732610395,1778093671464,1778093671599,1778093671567,watch_phone_bridge,1778093671297,-0.004181206226348877,-0.019915610551834106,-0.008204162120819092,0.05971197783946991,0.026983290910720825,-0.003309277119114995
2026-05-06T18:54:31.567000+00:00,1778093671567,S023,35,49.74664732610395,1778093671464,1778093671599,1778093671567,watch_phone_bridge,1778093671317,0.008072733879089355,-0.005815185606479645,-0.0020158886909484863,0.054700709879398346,0.013769561424851418,0.0011023555416613817
2026-05-06T18:54:31.567000+00:00,1778093671567,S023,35,49.74664732610395,1778093671464,1778093671599,1778093671567,watch_phone_bridge,1778093671337,0.006694301962852478,-0.0037817582488059998,-0.01113206148147583,0.10800813883543015,0.016055921092629433,0.0064420998096466064
2026-05-06T18:54:31.567000+00:00,1778093671567,S023,35,49.74664732610395,1778093671464,1778093671599,1778093671567,watch_phone_bridge,1778093671357,0.007706105709075928,0.005387604236602783,-0.018030881881713867,0.154971644282341,0.02006683312356472,0.0063711535185575485
2026-05-06T18:54:31.567000+00:00,1778093671567,S023,35,49.74664732610395,1778093671464,1778093671599,1778093671567,watch_phone_bridge,1778093671377,0.012998506426811218,-0.0007086098194122314,-0.006282329559326172,0.1696070432662964,-0.00057186622871086,0.014247718267142773
2026-05-06T18:54:31.567000+00:00,1778093671567,S023,35,49.74664732610395,1778093671464,1778093671599,1778093671567,watch_phone_bridge,1778093671397,0.0031097233295440674,-0.007093705236911774,-0.0027574896812438965,0.15025919675827026,0.00017416125047020614,0.011171501129865646
2026-05-06T18:54:31.567000+00:00,1778093671567,S023,35,49.74664732610395,1778093671464,1778093671599,1778093671567,watch_phone_bridge,1778093671418,-0.003326237201690674,-0.003501906991004944,2.9861927032470703e-05,0.1288612186908722,0.006864554714411497,0.0036296420730650425
2026-05-06T18:54:31.567000+00:00,1778093671567,S023,35,49.74664732610395,1778093671464,1778093671599,1778093671567,watch_phone_bridge,1778093671438,-0.0018080323934555054,-0.018110983073711395,0.0057759881019592285,0.06637387722730637,-0.007181108929216862,-0.011491360142827034
2026-05-06T18:54:31.567000+00:00,1778093671567,S023,35,49.74664732610395,1778093671464,1778093671599,1778093671567,watch_phone_bridge,1778093671464,0.005343735218048096,-0.053524769842624664,0.027967393398284912,-0.10660669207572937,-0.07386408001184464,-0.017607523128390312
2026-05-06T18:54:31.990000+00:00,1778093671990,S023,36,49.74664732610395,1778093671572,1778093671990,1778093671990,watch_phone_bridge,1778093671478,0.008075565099716187,-0.057747937738895416,0.05076253414154053,-0.2582468092441559,-0.09741558879613876,-0.0034468560479581356
2026-05-06T18:54:31.990000+00:00,1778093671990,S023,36,49.74664732610395,1778093671572,1778093671990,1778093671990,watch_phone_bridge,1778093671498,0.002178668975830078,-0.010356150567531586,0.012607455253601074,-0.24629642069339752,-0.07601597905158997,0.02052132599055767
2026-05-06T18:54:31.990000+00:00,1778093671990,S023,36,49.74664732610395,1778093671572,1778093671990,1778093671990,watch_phone_bridge,1778093671518,-0.005047455430030823,0.02148117870092392,-0.028924107551574707,-0.13861548900604248,-0.037992168217897415,0.0062925368547439575
2026-05-06T18:54:31.990000+00:00,1778093671990,S023,36,49.74664732610395,1778093671572,1778093671990,1778093671990,watch_phone_bridge,1778093671538,-0.0034487247467041016,0.020734421908855438,-0.03852778673171997,-0.036844123154878616,-0.005302439443767071,-0.013216929510235786
2026-05-06T18:54:31.990000+00:00,1778093671990,S023,36,49.74664732610395,1778093671572,1778093671990,1778093671990,watch_phone_bridge,1778093671558,0.008678227663040161,0.010727673768997192,-0.02747243642807007,0.01891261525452137,0.002418597461655736,0.00872485525906086
