local_ts,local_ts_ms,timestamp,x,y,pressure,dot_type,tilt_x,tilt_y,section,owner,note,page
2026-05-07T07:49:33.759000+00:00,1778140173759,1698419997329,-1,-1,0,PEN_DOWN,0,0,-1,-1,-1,-1
2026-05-07T07:49:33.760000+00:00,1778140173760,1698419997354,12.93,10.82,248,PEN_MOVE,58,110,3,27,746,4
2026-05-07T07:49:33.789000+00:00,1778140173789,1698419997377,12.95,10.79,381,PEN_MOVE,60,109,3,27,746,4
2026-05-07T07:49:33.818000+00:00,1778140173818,1698419997400,12.98,10.79,458,PEN_MOVE,59,110,3,27,746,4
2026-05-07T07:49:33.834000+00:00,1778140173834,1698419997423,13.0,10.79,534,PEN_MOVE,65,109,3,27,746,4
2026-05-07T07:49:33.863000+00:00,1778140173863,1698419997458,13.02,10.84,593,PEN_MOVE,64,110,3,27,746,4
2026-05-07T07:49:33.880000+00:00,1778140173880,1698419997469,13.02,10.88,581,PEN_MOVE,67,110,3,27,746,4
2026-05-07T07:49:33.895000+00:00,1778140173895,1698419997481,13.02,10.96,567,PEN_MOVE,65,110,3,27,746,4
2026-05-07T07:49:33.938000+00:00,1778140173938,1698419997492,13.02,11.09,558,PEN_MOVE,65,110,3,27,746,4
2026-05-07T07:49:33.939000+00:00,1778140173939,1698419997504,13.02,11.21,546,PEN_MOVE,66,110,3,27,746,4
2026-05-07T07:49:33.941000+00:00,1778140173941,1698419997515,13.02,11.29,533,PEN_MOVE,64,109,3,27,746,4
2026-05-07T07:49:33.941000+00:00,1778140173941,1698419997527,13.02,11.41,528,PEN_MOVE,60,110,3,27,746,4
2026-05-07T07:49:33.954000+00:00,1778140173954,1698419997538,13.02,11.53,524,PEN_MOVE,64,110,3,27,746,4
2026-05-07T07:49:33.969000+00:00,1778140173969,1698419997550,13.02,11.67,522,PEN_MOVE,60,110,3,27,746,4
2026-05-07T07:49:33.970000+00:00,1778140173970,1698419997562,13.02,11.82,522,PEN_MOVE,60,109,3,27,746,4
2026-05-07T07:49:33.984000+00:00,1778140173984,1698419997573,13.01,11.95,521,PEN_MOVE,64,110,3,27,746,4
2026-05-07T07:49:33.999000+00:00,1778140173999,1698419997584,13.0,12.09,523,PEN_MOVE,66,109,3,27,746,4
2026-05-07T07:49:34.014000+00:00,1778140174014,1698419997596,12.99,12.18,521,PEN_MOVE,60,109,3,27,746,4
2026-05-07T07:49:34.014000+00:00,1778140174014,1698419997608,12.99,12.28,522,PEN_MOVE,60,110,3,27,746,4
2026-05-07T07:49:34.029000+00:00,1778140174029,1698419997619,12.98,12.37,522,PEN_MOVE,60,110,3,27,746,4
2026-05-07T07:49:34.045000+00:00,1778140174045,1698419997631,12.97,12.45,521,PEN_MOVE,66,110,3,27,746,4
2026-05-07T07:49:34.059000+00:00,1778140174059,1698419997642,12.97,12.55,523,PEN_MOVE,60,110,3,27,746,4
2026-05-07T07:49:34.075000+00:00,1778140174075,1698419997654,12.97,12.62,521,PEN_MOVE,66,110,3,27,746,4
2026-05-07T07:49:34.075000+00:00,1778140174075,1698419997666,12.96,12.67,519,PEN_MOVE,66,110,3,27,746,4
2026-05-07T07:49:34.090000+00:00,1778140174090,1698419997677,12.96,12.71,518,PEN_MOVE,62,110,3,27,746,4
2026-05-07T07:49:34.104000+00:00,1778140174104,1698419997689,12.95,12.74,516,PEN_MOVE,61,111,3,27,746,4
2026-05-07T07:49:34.119000+00:00,1778140174119,1698419997700,12.95,12.77,514,PEN_MOVE,60,110,3,27,746,4
2026-05-07T07:49:34.119000+00:00,1778140174119,1698419997712,12.95,12.81,515,PEN_MOVE,67,111,3,27,746,4
2026-05-07T07:49:34.134000+00:00,1778140174134,1698419997723,12.95,12.87,514,PEN_MOVE,65,111,3,27,746,4
2026-05-07T07:49:34.150000+00:00,1778140174150,1698419997735,12.95,12.94,513,PEN_MOVE,65,111,3,27,746,4
2026-05-07T07:49:34.164000+00:00,1778140174164,1698419997746,12.95,13.03,513,PEN_MOVE,61,111,3,27,746,4
2026-05-07T07:49:34.164000+00:00,1778140174164,1698419997758,12.95,13.1,516,PEN_MOVE,66,111,3,27,746,4
2026-05-07T07:49:34.180000+00:00,1778140174180,1698419997769,12.95,13.15,518,PEN_MOVE,66,111,3,27,746,4
2026-05-07T07:49:34.194000+00:00,1778140174194,1698419997781,12.95,13.19,520,PEN_MOVE,67,112,3,27,746,4
2026-05-07T07:49:34.210000+00:00,1778140174210,1698419997793,12.95,13.24,519,PEN_MOVE,66,112,3,27,746,4
2026-05-07T07:49:34.225000+00:00,1778140174225,1698419997804,12.95,13.29,519,PEN_MOVE,67,111,3,27,746,4
2026-05-07T07:49:34.226000+00:00,1778140174226,1698419997816,12.94,13.35,518,PEN_MOVE,67,113,3,27,746,4
2026-05-07T07:49:34.240000+00:00,1778140174240,1698419997827,12.94,13.41,517,PEN_MOVE,61,112,3,27,746,4
2026-05-07T07:49:34.255000+00:00,1778140174255,1698419997839,12.94,13.46,517,PEN_MOVE,67,111,3,27,746,4
2026-05-07T07:49:34.269000+00:00,1778140174269,1698419997862,12.94,13.49,525,PEN_MOVE,60,112,3,27,746,4
2026-05-07T07:49:34.328000+00:00,1778140174328,1698419997920,12.93,13.5,313,PEN_MOVE,65,112,3,27,746,4
2026-05-07T07:49:34.344000+00:00,1778140174344,1698419997932,12.92,13.49,127,PEN_MOVE,64,112,3,27,746,4
2026-05-07T07:49:34.360000+00:00,1778140174360,1698419997932,12.92,13.49,127,PEN_UP,64,112,3,27,746,4
2026-05-07T07:49:34.794000+00:00,1778140174794,1698419998372,-1,-1,0,PEN_DOWN,0,0,3,27,746,4
2026-05-07T07:49:34.795000+00:00,1778140174795,1698419998395,14.26,10.84,172,PEN_MOVE,66,109,3,27,746,4
2026-05-07T07:49:34.824000+00:00,1778140174824,1698419998429,14.29,10.82,359,PEN_MOVE,60,110,3,27,746,4
2026-05-07T07:49:34.868000+00:00,1778140174868,1698419998464,14.32,10.87,472,PEN_MOVE,67,110,3,27,746,4
2026-05-07T07:49:34.884000+00:00,1778140174884,1698419998475,14.33,10.92,479,PEN_MOVE,63,109,3,27,746,4
2026-05-07T07:49:34.885000+00:00,1778140174885,1698419998487,14.34,11.01,476,PEN_MOVE,61,110,3,27,746,4
2026-05-07T07:49:34.899000+00:00,1778140174899,1698419998499,14.34,11.13,469,PEN_MOVE,67,109,3,27,746,4
2026-05-07T07:49:34.914000+00:00,1778140174914,1698419998510,14.35,11.34,469,PEN_MOVE,66,109,3,27,746,4
2026-05-07T07:49:34.929000+00:00,1778140174929,1698419998521,14.36,11.48,469,PEN_MOVE,61,109,3,27,746,4
2026-05-07T07:49:34.929000+00:00,1778140174929,1698419998533,14.36,11.66,467,PEN_MOVE,66,109,3,27,746,4
2026-05-07T07:49:34.944000+00:00,1778140174944,1698419998544,14.35,11.91,470,PEN_MOVE,61,110,3,27,746,4
2026-05-07T07:49:34.959000+00:00,1778140174959,1698419998556,14.34,12.09,468,PEN_MOVE,62,109,3,27,746,4
2026-05-07T07:49:34.988000+00:00,1778140174988,1698419998568,14.34,12.25,471,PEN_MOVE,63,109,3,27,746,4
2026-05-07T07:49:34.989000+00:00,1778140174989,1698419998579,14.33,12.39,474,PEN_MOVE,63,109,3,27,746,4
2026-05-07T07:49:34.989000+00:00,1778140174989,1698419998591,14.33,12.53,483,PEN_MOVE,65,109,3,27,746,4
2026-05-07T07:49:35.004000+00:00,1778140175004,1698419998602,14.33,12.62,511,PEN_MOVE,65,109,3,27,746,4
2026-05-07T07:49:35.018000+00:00,1778140175018,1698419998614,14.33,12.67,518,PEN_MOVE,67,110,3,27,746,4
2026-05-07T07:49:35.033000+00:00,1778140175033,1698419998626,14.33,12.73,545,PEN_MOVE,66,109,3,27,746,4
2026-05-07T07:49:35.033000+00:00,1778140175033,1698419998637,14.33,12.82,560,PEN_MOVE,67,110,3,27,746,4
2026-05-07T07:49:35.048000+00:00,1778140175048,1698419998649,14.33,12.9,560,PEN_MOVE,65,110,3,27,746,4
2026-05-07T07:49:35.064000+00:00,1778140175064,1698419998660,14.33,12.97,558,PEN_MOVE,65,110,3,27,746,4
2026-05-07T07:49:35.079000+00:00,1778140175079,1698419998672,14.33,13.02,554,PEN_MOVE,64,109,3,27,746,4
2026-05-07T07:49:35.079000+00:00,1778140175079,1698419998683,14.33,13.06,552,PEN_MOVE,65,110,3,27,746,4
2026-05-07T07:49:35.107000+00:00,1778140175107,1698419998707,14.34,13.11,550,PEN_MOVE,64,109,3,27,746,4
2026-05-07T07:49:35.123000+00:00,1778140175123,1698419998730,14.34,13.14,546,PEN_MOVE,65,109,3,27,746,4
2026-05-07T07:49:35.139000+00:00,1778140175139,1698419998741,14.34,13.17,544,PEN_MOVE,65,109,3,27,746,4
2026-05-07T07:49:35.154000+00:00,1778140175154,1698419998752,14.34,13.21,540,PEN_MOVE,64,109,3,27,746,4
2026-05-07T07:49:35.168000+00:00,1778140175168,1698419998764,14.35,13.25,537,PEN_MOVE,64,108,3,27,746,4
2026-05-07T07:49:35.183000+00:00,1778140175183,1698419998776,14.35,13.3,534,PEN_MOVE,64,108,3,27,746,4
2026-05-07T07:49:35.183000+00:00,1778140175183,1698419998787,14.35,13.35,531,PEN_MOVE,65,108,3,27,746,4
2026-05-07T07:49:35.198000+00:00,1778140175198,1698419998799,14.35,13.38,529,PEN_MOVE,64,108,3,27,746,4
2026-05-07T07:49:35.242000+00:00,1778140175242,1698419998845,14.34,13.39,267,PEN_MOVE,62,108,3,27,746,4
2026-05-07T07:49:35.272000+00:00,1778140175272,1698419998868,14.28,13.36,1,PEN_MOVE,67,108,3,27,746,4
2026-05-07T07:49:35.273000+00:00,1778140175273,1698419998868,14.28,13.36,1,PEN_UP,67,108,3,27,746,4
2026-05-07T07:49:35.589000+00:00,1778140175589,1698419999164,-1,-1,0,PEN_DOWN,0,0,3,27,746,4
2026-05-07T07:49:35.589000+00:00,1778140175589,1698419999187,13.42,12.42,305,PEN_MOVE,56,112,3,27,746,4
2026-05-07T07:49:35.648000+00:00,1778140175648,1698419999244,13.46,12.42,415,PEN_MOVE,66,111,3,27,746,4
2026-05-07T07:49:35.664000+00:00,1778140175664,1698419999268,13.51,12.42,457,PEN_MOVE,67,111,3,27,746,4
2026-05-07T07:49:35.679000+00:00,1778140175679,1698419999279,13.54,12.42,471,PEN_MOVE,66,111,3,27,746,4
2026-05-07T07:49:35.694000+00:00,1778140175694,1698419999291,13.57,12.42,472,PEN_MOVE,65,111,3,27,746,4
2026-05-07T07:49:35.709000+00:00,1778140175709,1698419999302,13.61,12.42,467,PEN_MOVE,65,111,3,27,746,4
2026-05-07T07:49:35.709000+00:00,1778140175709,1698419999314,13.66,12.42,465,PEN_MOVE,64,111,3,27,746,4
2026-05-07T07:49:35.724000+00:00,1778140175724,1698419999325,13.76,12.43,465,PEN_MOVE,67,111,3,27,746,4
2026-05-07T07:49:35.738000+00:00,1778140175738,1698419999337,13.85,12.43,464,PEN_MOVE,60,112,3,27,746,4
2026-05-07T07:49:35.753000+00:00,1778140175753,1698419999349,13.95,12.44,465,PEN_MOVE,65,111,3,27,746,4
2026-05-07T07:49:35.768000+00:00,1778140175768,1698419999360,14.03,12.44,467,PEN_MOVE,66,110,3,27,746,4
2026-05-07T07:49:35.768000+00:00,1778140175768,1698419999372,14.12,12.45,468,PEN_MOVE,65,111,3,27,746,4
2026-05-07T07:49:35.783000+00:00,1778140175783,1698419999383,14.22,12.45,470,PEN_MOVE,65,110,3,27,746,4
2026-05-07T07:49:35.798000+00:00,1778140175798,1698419999395,14.29,12.46,471,PEN_MOVE,66,111,3,27,746,4
2026-05-07T07:49:35.813000+00:00,1778140175813,1698419999406,14.34,12.46,469,PEN_MOVE,65,110,3,27,746,4
2026-05-07T07:49:35.813000+00:00,1778140175813,1698419999418,14.37,12.46,468,PEN_MOVE,65,110,3,27,746,4
2026-05-07T07:49:35.842000+00:00,1778140175842,1698419999440,14.41,12.47,470,PEN_MOVE,64,110,3,27,746,4
2026-05-07T07:49:35.917000+00:00,1778140175917,1698419999511,14.42,12.49,241,PEN_MOVE,66,110,3,27,746,4
2026-05-07T07:49:35.918000+00:00,1778140175918,1698419999522,14.42,12.48,1,PEN_MOVE,65,108,3,27,746,4
2026-05-07T07:49:35.920000+00:00,1778140175920,1698419999522,14.42,12.48,1,PEN_UP,65,108,3,27,746,4
2026-05-07T07:49:36.158000+00:00,1778140176158,1698419999734,-1,-1,0,PEN_DOWN,0,0,3,27,746,4
2026-05-07T07:49:36.158000+00:00,1778140176158,1698419999757,16.02,12.56,301,PEN_MOVE,65,110,3,27,746,4
2026-05-07T07:49:36.204000+00:00,1778140176204,1698419999803,16.06,12.55,416,PEN_MOVE,66,109,3,27,746,4
2026-05-07T07:49:36.234000+00:00,1778140176234,1698419999826,16.09,12.55,413,PEN_MOVE,73,109,3,27,746,4
2026-05-07T07:49:36.249000+00:00,1778140176249,1698419999849,16.12,12.52,444,PEN_MOVE,67,110,3,27,746,4
2026-05-07T07:49:36.278000+00:00,1778140176278,1698419999873,16.14,12.48,478,PEN_MOVE,66,109,3,27,746,4
2026-05-07T07:49:36.279000+00:00,1778140176279,1698419999884,16.15,12.45,485,PEN_MOVE,66,109,3,27,746,4
2026-05-07T07:49:36.294000+00:00,1778140176294,1698419999895,16.15,12.42,492,PEN_MOVE,66,110,3,27,746,4
2026-05-07T07:49:36.310000+00:00,1778140176310,1698419999907,16.15,12.39,488,PEN_MOVE,67,110,3,27,746,4
2026-05-07T07:49:36.324000+00:00,1778140176324,1698419999919,16.14,12.34,482,PEN_MOVE,66,109,3,27,746,4
2026-05-07T07:49:36.340000+00:00,1778140176340,1698419999930,16.13,12.28,477,PEN_MOVE,67,110,3,27,746,4
2026-05-07T07:49:36.341000+00:00,1778140176341,1698419999942,16.11,12.22,472,PEN_MOVE,62,109,3,27,746,4
2026-05-07T07:49:36.355000+00:00,1778140176355,1698419999953,16.09,12.13,470,PEN_MOVE,64,110,3,27,746,4
2026-05-07T07:49:36.369000+00:00,1778140176369,1698419999965,16.04,12.06,468,PEN_MOVE,64,110,3,27,746,4
2026-05-07T07:49:36.384000+00:00,1778140176384,1698419999976,15.97,11.99,461,PEN_MOVE,64,110,3,27,746,4
2026-05-07T07:49:36.384000+00:00,1778140176384,1698419999988,15.89,11.94,465,PEN_MOVE,64,109,3,27,746,4
2026-05-07T07:49:36.399000+00:00,1778140176399,1698420000000,15.81,11.91,471,PEN_MOVE,64,110,3,27,746,4
2026-05-07T07:49:36.414000+00:00,1778140176414,1698420000011,15.7,11.89,486,PEN_MOVE,61,110,3,27,746,4
2026-05-07T07:49:36.429000+00:00,1778140176429,1698420000022,15.58,11.9,512,PEN_MOVE,63,109,3,27,746,4
2026-05-07T07:49:36.430000+00:00,1778140176430,1698420000034,15.47,11.92,504,PEN_MOVE,64,110,3,27,746,4
2026-05-07T07:49:36.444000+00:00,1778140176444,1698420000045,15.36,11.97,498,PEN_MOVE,63,110,3,27,746,4
2026-05-07T07:49:36.459000+00:00,1778140176459,1698420000057,15.25,12.09,492,PEN_MOVE,67,110,3,27,746,4
2026-05-07T07:49:36.474000+00:00,1778140176474,1698420000069,15.17,12.26,489,PEN_MOVE,61,110,3,27,746,4
2026-05-07T07:49:36.489000+00:00,1778140176489,1698420000080,15.11,12.44,486,PEN_MOVE,64,110,3,27,746,4
2026-05-07T07:49:36.489000+00:00,1778140176489,1698420000092,15.08,12.62,487,PEN_MOVE,66,111,3,27,746,4
2026-05-07T07:49:36.504000+00:00,1778140176504,1698420000103,15.08,12.77,487,PEN_MOVE,60,111,3,27,746,4
2026-05-07T07:49:36.519000+00:00,1778140176519,1698420000115,15.09,12.92,492,PEN_MOVE,67,111,3,27,746,4
2026-05-07T07:49:36.548000+00:00,1778140176548,1698420000126,15.13,13.07,497,PEN_MOVE,67,110,3,27,746,4
2026-05-07T07:49:36.548000+00:00,1778140176548,1698420000138,15.22,13.19,503,PEN_MOVE,61,111,3,27,746,4
2026-05-07T07:49:36.550000+00:00,1778140176550,1698420000150,15.34,13.26,506,PEN_MOVE,62,111,3,27,746,4
2026-05-07T07:49:36.564000+00:00,1778140176564,1698420000162,15.46,13.31,510,PEN_MOVE,64,110,3,27,746,4
2026-05-07T07:49:36.579000+00:00,1778140176579,1698420000173,15.58,13.33,495,PEN_MOVE,65,109,3,27,746,4
2026-05-07T07:49:36.579000+00:00,1778140176579,1698420000184,15.69,13.32,481,PEN_MOVE,65,110,3,27,746,4
2026-05-07T07:49:36.594000+00:00,1778140176594,1698420000196,15.8,13.29,479,PEN_MOVE,73,109,3,27,746,4
2026-05-07T07:49:36.609000+00:00,1778140176609,1698420000207,15.87,13.2,480,PEN_MOVE,67,109,3,27,746,4
2026-05-07T07:49:36.624000+00:00,1778140176624,1698420000219,15.94,13.07,483,PEN_MOVE,68,110,3,27,746,4
2026-05-07T07:49:36.640000+00:00,1778140176640,1698420000230,15.99,12.89,480,PEN_MOVE,73,111,3,27,746,4
2026-05-07T07:49:36.640000+00:00,1778140176640,1698420000242,16.03,12.71,473,PEN_MOVE,75,110,3,27,746,4
2026-05-07T07:49:36.654000+00:00,1778140176654,1698420000253,16.06,12.5,465,PEN_MOVE,76,110,3,27,746,4
2026-05-07T07:49:36.669000+00:00,1778140176669,1698420000266,16.07,12.32,459,PEN_MOVE,73,111,3,27,746,4
2026-05-07T07:49:36.684000+00:00,1778140176684,1698420000277,16.06,12.16,448,PEN_MOVE,68,111,3,27,746,4
2026-05-07T07:49:36.685000+00:00,1778140176685,1698420000288,16.04,12.09,443,PEN_MOVE,65,111,3,27,746,4
2026-05-07T07:49:36.699000+00:00,1778140176699,1698420000300,16.02,12.06,443,PEN_MOVE,72,112,3,27,746,4
2026-05-07T07:49:36.728000+00:00,1778140176728,1698420000334,16.01,12.19,465,PEN_MOVE,67,111,3,27,746,4
2026-05-07T07:49:36.745000+00:00,1778140176745,1698420000346,16.01,12.42,472,PEN_MOVE,67,111,3,27,746,4
2026-05-07T07:49:36.759000+00:00,1778140176759,1698420000357,16.01,12.62,485,PEN_MOVE,67,110,3,27,746,4
2026-05-07T07:49:36.774000+00:00,1778140176774,1698420000369,16.02,12.84,488,PEN_MOVE,67,110,3,27,746,4
2026-05-07T07:49:36.789000+00:00,1778140176789,1698420000381,16.02,13.0,490,PEN_MOVE,67,109,3,27,746,4
2026-05-07T07:49:36.790000+00:00,1778140176790,1698420000393,16.04,13.11,491,PEN_MOVE,72,108,3,27,746,4
2026-05-07T07:49:36.804000+00:00,1778140176804,1698420000404,16.07,13.2,492,PEN_MOVE,73,108,3,27,746,4
2026-05-07T07:49:36.819000+00:00,1778140176819,1698420000416,16.11,13.25,491,PEN_MOVE,73,107,3,27,746,4
2026-05-07T07:49:36.834000+00:00,1778140176834,1698420000427,16.13,13.3,486,PEN_MOVE,73,107,3,27,746,4
2026-05-07T07:49:36.834000+00:00,1778140176834,1698420000438,16.15,13.33,379,PEN_MOVE,72,107,3,27,746,4
2026-05-07T07:49:36.849000+00:00,1778140176849,1698420000450,16.16,13.33,133,PEN_MOVE,73,107,3,27,746,4
2026-05-07T07:49:36.849000+00:00,1778140176849,1698420000450,16.16,13.33,133,PEN_UP,73,107,3,27,746,4
2026-05-07T07:49:37.510000+00:00,1778140177510,1698420001085,-1,-1,0,PEN_DOWN,0,0,3,27,746,4
2026-05-07T07:49:37.511000+00:00,1778140177511,1698420001108,16.59,11.26,218,PEN_MOVE,46,111,3,27,746,4
2026-05-07T07:49:37.555000+00:00,1778140177555,1698420001154,16.62,11.25,353,PEN_MOVE,51,111,3,27,746,4
2026-05-07T07:49:37.598000+00:00,1778140177598,1698420001177,16.63,11.34,370,PEN_MOVE,50,111,3,27,746,4
2026-05-07T07:49:37.599000+00:00,1778140177599,1698420001189,16.65,11.59,367,PEN_MOVE,50,110,3,27,746,4
2026-05-07T07:49:37.600000+00:00,1778140177600,1698420001200,16.67,11.93,375,PEN_MOVE,51,110,3,27,746,4
2026-05-07T07:49:37.614000+00:00,1778140177614,1698420001212,16.7,12.17,378,PEN_MOVE,56,108,3,27,746,4
2026-05-07T07:49:37.629000+00:00,1778140177629,1698420001224,16.72,12.42,378,PEN_MOVE,56,110,3,27,746,4
2026-05-07T07:49:37.644000+00:00,1778140177644,1698420001235,16.73,12.59,378,PEN_MOVE,58,110,3,27,746,4
2026-05-07T07:49:37.645000+00:00,1778140177645,1698420001247,16.74,12.71,376,PEN_MOVE,59,110,3,27,746,4
2026-05-07T07:49:37.659000+00:00,1778140177659,1698420001258,16.75,12.78,376,PEN_MOVE,58,111,3,27,746,4
2026-05-07T07:49:37.674000+00:00,1778140177674,1698420001270,16.75,12.83,377,PEN_MOVE,56,111,3,27,746,4
2026-05-07T07:49:37.689000+00:00,1778140177689,1698420001293,16.74,12.86,367,PEN_MOVE,57,111,3,27,746,4
2026-05-07T07:49:37.718000+00:00,1778140177718,1698420001316,16.71,12.9,219,PEN_MOVE,56,112,3,27,746,4
2026-05-07T07:49:37.734000+00:00,1778140177734,1698420001328,16.67,12.91,79,PEN_MOVE,52,113,3,27,746,4
2026-05-07T07:49:37.734000+00:00,1778140177734,1698420001328,16.67,12.91,79,PEN_UP,52,113,3,27,746,4
2026-05-07T07:49:37.898000+00:00,1778140177898,1698420001463,-1,-1,0,PEN_DOWN,0,0,3,27,746,4
2026-05-07T07:49:37.898000+00:00,1778140177898,1698420001486,17.1,10.89,238,PEN_MOVE,57,111,3,27,746,4
2026-05-07T07:49:37.914000+00:00,1778140177914,1698420001509,17.13,10.89,367,PEN_MOVE,65,110,3,27,746,4
2026-05-07T07:49:37.929000+00:00,1778140177929,1698420001520,17.13,10.93,426,PEN_MOVE,66,111,3,27,746,4
2026-05-07T07:49:37.930000+00:00,1778140177930,1698420001532,17.14,11.03,433,PEN_MOVE,59,110,3,27,746,4
2026-05-07T07:49:37.944000+00:00,1778140177944,1698420001543,17.15,11.3,421,PEN_MOVE,56,111,3,27,746,4
2026-05-07T07:49:37.960000+00:00,1778140177960,1698420001555,17.16,11.62,417,PEN_MOVE,57,110,3,27,746,4
2026-05-07T07:49:37.974000+00:00,1778140177974,1698420001567,17.16,11.92,416,PEN_MOVE,56,110,3,27,746,4
2026-05-07T07:49:37.975000+00:00,1778140177975,1698420001578,17.17,12.14,415,PEN_MOVE,56,110,3,27,746,4
2026-05-07T07:49:37.989000+00:00,1778140177989,1698420001590,17.18,12.33,416,PEN_MOVE,59,112,3,27,746,4
2026-05-07T07:49:38.004000+00:00,1778140178004,1698420001602,17.19,12.48,417,PEN_MOVE,65,112,3,27,746,4
2026-05-07T07:49:38.020000+00:00,1778140178020,1698420001613,17.2,12.65,415,PEN_MOVE,64,112,3,27,746,4
2026-05-07T07:49:38.020000+00:00,1778140178020,1698420001624,17.2,12.8,415,PEN_MOVE,67,112,3,27,746,4
2026-05-07T07:49:38.034000+00:00,1778140178034,1698420001636,17.2,12.91,410,PEN_MOVE,66,112,3,27,746,4
2026-05-07T07:49:38.049000+00:00,1778140178049,1698420001647,17.2,12.97,399,PEN_MOVE,66,111,3,27,746,4
2026-05-07T07:49:38.064000+00:00,1778140178064,1698420001659,17.19,13.02,284,PEN_MOVE,64,112,3,27,746,4
2026-05-07T07:49:38.080000+00:00,1778140178080,1698420001671,17.18,13.05,95,PEN_MOVE,65,112,3,27,746,4
2026-05-07T07:49:38.080000+00:00,1778140178080,1698420001671,17.18,13.05,95,PEN_UP,65,112,3,27,746,4
2026-05-07T07:49:38.528000+00:00,1778140178528,1698420002106,-1,-1,0,PEN_DOWN,0,0,3,27,746,4
2026-05-07T07:49:38.529000+00:00,1778140178529,1698420002129,19.15,12.02,214,PEN_MOVE,61,110,3,27,746,4
2026-05-07T07:49:38.558000+00:00,1778140178558,1698420002163,19.18,12.02,364,PEN_MOVE,62,110,3,27,746,4
2026-05-07T07:49:38.603000+00:00,1778140178603,1698420002209,19.21,12.01,408,PEN_MOVE,63,110,3,27,746,4
2026-05-07T07:49:38.648000+00:00,1778140178648,1698420002244,19.2,11.99,448,PEN_MOVE,62,111,3,27,746,4
2026-05-07T07:49:38.664000+00:00,1778140178664,1698420002267,19.16,11.92,436,PEN_MOVE,60,110,3,27,746,4
2026-05-07T07:49:38.679000+00:00,1778140178679,1698420002279,19.1,11.86,432,PEN_MOVE,66,110,3,27,746,4
2026-05-07T07:49:38.694000+00:00,1778140178694,1698420002290,18.98,11.8,433,PEN_MOVE,61,110,3,27,746,4
2026-05-07T07:49:38.709000+00:00,1778140178709,1698420002302,18.83,11.76,464,PEN_MOVE,64,110,3,27,746,4
2026-05-07T07:49:38.710000+00:00,1778140178710,1698420002313,18.67,11.74,475,PEN_MOVE,64,110,3,27,746,4
2026-05-07T07:49:38.724000+00:00,1778140178724,1698420002325,18.51,11.74,496,PEN_MOVE,64,110,3,27,746,4
2026-05-07T07:49:38.739000+00:00,1778140178739,1698420002336,18.36,11.76,500,PEN_MOVE,58,111,3,27,746,4
2026-05-07T07:49:38.754000+00:00,1778140178754,1698420002348,18.23,11.79,493,PEN_MOVE,56,113,3,27,746,4
2026-05-07T07:49:38.755000+00:00,1778140178755,1698420002360,18.14,11.85,483,PEN_MOVE,57,112,3,27,746,4
2026-05-07T07:49:38.769000+00:00,1778140178769,1698420002371,18.07,11.96,472,PEN_MOVE,56,112,3,27,746,4
2026-05-07T07:49:38.784000+00:00,1778140178784,1698420002382,18.02,12.16,471,PEN_MOVE,57,112,3,27,746,4
2026-05-07T07:49:38.799000+00:00,1778140178799,1698420002394,18.0,12.38,471,PEN_MOVE,51,114,3,27,746,4
2026-05-07T07:49:38.814000+00:00,1778140178814,1698420002406,18.01,12.57,473,PEN_MOVE,56,112,3,27,746,4
2026-05-07T07:49:38.814000+00:00,1778140178814,1698420002418,18.03,12.73,475,PEN_MOVE,59,111,3,27,746,4
2026-05-07T07:49:38.829000+00:00,1778140178829,1698420002429,18.1,12.87,481,PEN_MOVE,60,111,3,27,746,4
2026-05-07T07:49:38.844000+00:00,1778140178844,1698420002440,18.24,12.98,485,PEN_MOVE,64,112,3,27,746,4
2026-05-07T07:49:38.860000+00:00,1778140178860,1698420002452,18.42,13.04,484,PEN_MOVE,61,111,3,27,746,4
2026-05-07T07:49:38.860000+00:00,1778140178860,1698420002464,18.59,13.05,444,PEN_MOVE,67,112,3,27,746,4
2026-05-07T07:49:38.874000+00:00,1778140178874,1698420002475,18.77,13.02,431,PEN_MOVE,61,111,3,27,746,4
2026-05-07T07:49:38.889000+00:00,1778140178889,1698420002486,18.91,12.92,431,PEN_MOVE,64,111,3,27,746,4
2026-05-07T07:49:38.904000+00:00,1778140178904,1698420002498,19.03,12.77,435,PEN_MOVE,63,110,3,27,746,4
2026-05-07T07:49:38.919000+00:00,1778140178919,1698420002510,19.11,12.6,437,PEN_MOVE,64,110,3,27,746,4
2026-05-07T07:49:38.919000+00:00,1778140178919,1698420002521,19.14,12.47,446,PEN_MOVE,64,111,3,27,746,4
2026-05-07T07:49:38.934000+00:00,1778140178934,1698420002533,19.16,12.33,438,PEN_MOVE,64,110,3,27,746,4
2026-05-07T07:49:38.949000+00:00,1778140178949,1698420002544,19.15,12.18,426,PEN_MOVE,62,110,3,27,746,4
2026-05-07T07:49:38.964000+00:00,1778140178964,1698420002556,19.11,12.05,372,PEN_MOVE,61,111,3,27,746,4
2026-05-07T07:49:38.964000+00:00,1778140178964,1698420002568,19.04,11.94,204,PEN_MOVE,66,110,3,27,746,4
2026-05-07T07:49:38.980000+00:00,1778140178980,1698420002579,18.9,11.89,3,PEN_MOVE,65,110,3,27,746,4
2026-05-07T07:49:38.980000+00:00,1778140178980,1698420002579,18.9,11.89,3,PEN_UP,65,110,3,27,746,4
2026-05-07T07:49:39.473000+00:00,1778140179473,1698420003037,-1,-1,0,PEN_DOWN,0,0,3,27,746,4
2026-05-07T07:49:39.473000+00:00,1778140179473,1698420003060,23.43,10.97,295,PEN_MOVE,58,110,3,27,746,4
2026-05-07T07:49:39.474000+00:00,1778140179474,1698420003071,23.44,11.02,322,PEN_MOVE,56,109,3,27,746,4
2026-05-07T07:49:39.518000+00:00,1778140179518,1698420003083,23.44,11.87,338,PEN_MOVE,57,110,3,27,746,4
2026-05-07T07:49:39.534000+00:00,1778140179534,1698420003095,23.44,12.13,336,PEN_MOVE,56,108,3,27,746,4
2026-05-07T07:49:39.549000+00:00,1778140179549,1698420003106,23.44,12.34,336,PEN_MOVE,58,109,3,27,746,4
2026-05-07T07:49:39.549000+00:00,1778140179549,1698420003117,23.43,12.5,339,PEN_MOVE,59,110,3,27,746,4
2026-05-07T07:49:39.564000+00:00,1778140179564,1698420003129,23.42,12.67,345,PEN_MOVE,60,109,3,27,746,4
2026-05-07T07:49:39.579000+00:00,1778140179579,1698420003141,23.42,12.78,354,PEN_MOVE,66,109,3,27,746,4
2026-05-07T07:49:39.594000+00:00,1778140179594,1698420003152,23.42,12.84,362,PEN_MOVE,65,110,3,27,746,4
2026-05-07T07:49:39.638000+00:00,1778140179638,1698420003198,23.39,12.82,4,PEN_MOVE,60,109,3,27,746,4
2026-05-07T07:49:39.639000+00:00,1778140179639,1698420003198,23.39,12.82,4,PEN_UP,60,109,3,27,746,4
2026-05-07T07:49:39.819000+00:00,1778140179819,1698420003392,-1,-1,0,PEN_DOWN,0,0,3,27,746,4
2026-05-07T07:49:39.819000+00:00,1778140179819,1698420003415,22.81,11.1,316,PEN_MOVE,50,110,3,27,746,4
2026-05-07T07:49:39.834000+00:00,1778140179834,1698420003438,22.85,11.09,399,PEN_MOVE,57,111,3,27,746,4
2026-05-07T07:49:39.863000+00:00,1778140179863,1698420003461,22.91,11.09,410,PEN_MOVE,57,112,3,27,746,4
2026-05-07T07:49:39.879000+00:00,1778140179879,1698420003472,22.98,11.09,409,PEN_MOVE,58,111,3,27,746,4
2026-05-07T07:49:39.880000+00:00,1778140179880,1698420003484,23.13,11.09,411,PEN_MOVE,57,111,3,27,746,4
2026-05-07T07:49:39.895000+00:00,1778140179895,1698420003495,23.34,11.08,411,PEN_MOVE,59,109,3,27,746,4
2026-05-07T07:49:39.909000+00:00,1778140179909,1698420003506,23.55,11.07,412,PEN_MOVE,56,108,3,27,746,4
2026-05-07T07:49:39.924000+00:00,1778140179924,1698420003518,23.72,11.06,414,PEN_MOVE,58,107,3,27,746,4
2026-05-07T07:49:39.939000+00:00,1778140179939,1698420003530,23.88,11.05,413,PEN_MOVE,59,107,3,27,746,4
2026-05-07T07:49:39.940000+00:00,1778140179940,1698420003542,24.04,11.04,412,PEN_MOVE,58,108,3,27,746,4
2026-05-07T07:49:39.954000+00:00,1778140179954,1698420003553,24.16,11.04,409,PEN_MOVE,65,108,3,27,746,4
2026-05-07T07:49:39.969000+00:00,1778140179969,1698420003565,24.24,11.04,409,PEN_MOVE,64,109,3,27,746,4
2026-05-07T07:49:39.984000+00:00,1778140179984,1698420003576,24.29,11.04,407,PEN_MOVE,65,108,3,27,746,4
2026-05-07T07:49:40.028000+00:00,1778140180028,1698420003623,24.29,11.04,192,PEN_MOVE,60,108,3,27,746,4
2026-05-07T07:49:40.029000+00:00,1778140180029,1698420003634,24.23,11.03,1,PEN_MOVE,56,107,3,27,746,4
2026-05-07T07:49:40.030000+00:00,1778140180030,1698420003634,24.23,11.03,1,PEN_UP,56,107,3,27,746,4
2026-05-07T07:49:40.238000+00:00,1778140180238,1698420003814,-1,-1,0,PEN_DOWN,0,0,3,27,746,4
2026-05-07T07:49:40.238000+00:00,1778140180238,1698420003837,24.14,12.43,352,PEN_MOVE,51,109,3,27,746,4
2026-05-07T07:49:40.267000+00:00,1778140180267,1698420003872,24.18,12.43,414,PEN_MOVE,58,110,3,27,746,4
2026-05-07T07:49:40.283000+00:00,1778140180283,1698420003883,24.21,12.43,411,PEN_MOVE,58,110,3,27,746,4
2026-05-07T07:49:40.299000+00:00,1778140180299,1698420003895,24.28,12.43,410,PEN_MOVE,58,109,3,27,746,4
2026-05-07T07:49:40.314000+00:00,1778140180314,1698420003906,24.39,12.42,409,PEN_MOVE,60,110,3,27,746,4
2026-05-07T07:49:40.314000+00:00,1778140180314,1698420003918,24.54,12.39,410,PEN_MOVE,57,109,3,27,746,4
2026-05-07T07:49:40.329000+00:00,1778140180329,1698420003930,24.69,12.32,409,PEN_MOVE,64,109,3,27,746,4
2026-05-07T07:49:40.344000+00:00,1778140180344,1698420003941,24.79,12.21,417,PEN_MOVE,58,108,3,27,746,4
2026-05-07T07:49:40.359000+00:00,1778140180359,1698420003953,24.87,12.08,417,PEN_MOVE,58,108,3,27,746,4
2026-05-07T07:49:40.360000+00:00,1778140180360,1698420003964,24.9,12.01,436,PEN_MOVE,60,108,3,27,746,4
2026-05-07T07:49:40.374000+00:00,1778140180374,1698420003975,24.9,11.94,455,PEN_MOVE,60,108,3,27,746,4
2026-05-07T07:49:40.403000+00:00,1778140180403,1698420003987,24.89,11.89,461,PEN_MOVE,58,107,3,27,746,4
2026-05-07T07:49:40.404000+00:00,1778140180404,1698420003999,24.84,11.83,455,PEN_MOVE,60,108,3,27,746,4
2026-05-07T07:49:40.404000+00:00,1778140180404,1698420004011,24.75,11.78,455,PEN_MOVE,56,107,3,27,746,4
2026-05-07T07:49:40.419000+00:00,1778140180419,1698420004022,24.59,11.75,466,PEN_MOVE,55,109,3,27,746,4
2026-05-07T07:49:40.434000+00:00,1778140180434,1698420004034,24.4,11.74,462,PEN_MOVE,51,109,3,27,746,4
2026-05-07T07:49:40.449000+00:00,1778140180449,1698420004045,24.25,11.76,483,PEN_MOVE,49,109,3,27,746,4
2026-05-07T07:49:40.464000+00:00,1778140180464,1698420004057,24.16,11.82,475,PEN_MOVE,50,109,3,27,746,4
2026-05-07T07:49:40.465000+00:00,1778140180465,1698420004068,24.09,12.01,471,PEN_MOVE,51,109,3,27,746,4
2026-05-07T07:49:40.479000+00:00,1778140180479,1698420004080,24.07,12.23,469,PEN_MOVE,51,111,3,27,746,4
2026-05-07T07:49:40.494000+00:00,1778140180494,1698420004091,24.08,12.43,471,PEN_MOVE,51,110,3,27,746,4
2026-05-07T07:49:40.509000+00:00,1778140180509,1698420004103,24.12,12.59,478,PEN_MOVE,59,110,3,27,746,4
2026-05-07T07:49:40.510000+00:00,1778140180510,1698420004114,24.22,12.73,485,PEN_MOVE,65,109,3,27,746,4
2026-05-07T07:49:40.524000+00:00,1778140180524,1698420004126,24.36,12.79,484,PEN_MOVE,60,109,3,27,746,4
2026-05-07T07:49:40.539000+00:00,1778140180539,1698420004137,24.51,12.83,401,PEN_MOVE,66,110,3,27,746,4
2026-05-07T07:49:40.554000+00:00,1778140180554,1698420004149,24.64,12.83,181,PEN_MOVE,59,107,3,27,746,4
2026-05-07T07:49:40.569000+00:00,1778140180569,1698420004161,24.76,12.82,1,PEN_MOVE,59,107,3,27,746,4
2026-05-07T07:49:40.570000+00:00,1778140180570,1698420004161,24.76,12.82,1,PEN_UP,59,107,3,27,746,4
2026-05-07T07:49:40.764000+00:00,1778140180764,1698420004334,-1,-1,0,PEN_DOWN,0,0,3,27,746,4
2026-05-07T07:49:40.764000+00:00,1778140180764,1698420004357,25.8,11.77,227,PEN_MOVE,59,110,3,27,746,4
2026-05-07T07:49:40.765000+00:00,1778140180765,1698420004368,25.77,11.77,287,PEN_MOVE,60,109,3,27,746,4
2026-05-07T07:49:40.779000+00:00,1778140180779,1698420004380,25.74,11.76,299,PEN_MOVE,65,110,3,27,746,4
2026-05-07T07:49:40.794000+00:00,1778140180794,1698420004391,25.7,11.76,318,PEN_MOVE,60,109,3,27,746,4
2026-05-07T07:49:40.809000+00:00,1778140180809,1698420004403,25.65,11.76,329,PEN_MOVE,60,109,3,27,746,4
2026-05-07T07:49:40.809000+00:00,1778140180809,1698420004415,25.58,11.76,331,PEN_MOVE,59,109,3,27,746,4
2026-05-07T07:49:40.824000+00:00,1778140180824,1698420004426,25.48,11.77,387,PEN_MOVE,59,109,3,27,746,4
2026-05-07T07:49:40.839000+00:00,1778140180839,1698420004438,25.37,11.8,394,PEN_MOVE,57,109,3,27,746,4
2026-05-07T07:49:40.854000+00:00,1778140180854,1698420004449,25.25,11.85,394,PEN_MOVE,51,107,3,27,746,4
2026-05-07T07:49:40.869000+00:00,1778140180869,1698420004461,25.19,11.92,390,PEN_MOVE,56,109,3,27,746,4
2026-05-07T07:49:40.869000+00:00,1778140180869,1698420004473,25.18,11.97,386,PEN_MOVE,55,108,3,27,746,4
2026-05-07T07:49:40.884000+00:00,1778140180884,1698420004484,25.19,12.02,387,PEN_MOVE,51,108,3,27,746,4
2026-05-07T07:49:40.899000+00:00,1778140180899,1698420004495,25.25,12.09,389,PEN_MOVE,58,108,3,27,746,4
2026-05-07T07:49:40.915000+00:00,1778140180915,1698420004507,25.38,12.16,392,PEN_MOVE,56,108,3,27,746,4
2026-05-07T07:49:40.915000+00:00,1778140180915,1698420004519,25.52,12.24,396,PEN_MOVE,59,108,3,27,746,4
2026-05-07T07:49:40.929000+00:00,1778140180929,1698420004530,25.64,12.35,401,PEN_MOVE,58,109,3,27,746,4
2026-05-07T07:49:40.943000+00:00,1778140180943,1698420004542,25.75,12.47,402,PEN_MOVE,66,108,3,27,746,4
2026-05-07T07:49:40.959000+00:00,1778140180959,1698420004553,25.81,12.58,401,PEN_MOVE,64,107,3,27,746,4
2026-05-07T07:49:40.959000+00:00,1778140180959,1698420004565,25.83,12.69,401,PEN_MOVE,66,107,3,27,746,4
2026-05-07T07:49:40.973000+00:00,1778140180973,1698420004576,25.83,12.78,398,PEN_MOVE,67,107,3,27,746,4
2026-05-07T07:49:40.989000+00:00,1778140180989,1698420004588,25.8,12.85,395,PEN_MOVE,65,107,3,27,746,4
2026-05-07T07:49:41.004000+00:00,1778140181004,1698420004600,25.73,12.9,413,PEN_MOVE,64,108,3,27,746,4
2026-05-07T07:49:41.019000+00:00,1778140181019,1698420004611,25.64,12.93,474,PEN_MOVE,60,108,3,27,746,4
2026-05-07T07:49:41.019000+00:00,1778140181019,1698420004623,25.52,12.96,487,PEN_MOVE,65,109,3,27,746,4
2026-05-07T07:49:41.034000+00:00,1778140181034,1698420004635,25.39,12.97,494,PEN_MOVE,65,108,3,27,746,4
2026-05-07T07:49:41.048000+00:00,1778140181048,1698420004646,25.29,12.97,480,PEN_MOVE,67,108,3,27,746,4
2026-05-07T07:49:41.064000+00:00,1778140181064,1698420004657,25.21,12.97,377,PEN_MOVE,60,108,3,27,746,4
2026-05-07T07:49:41.064000+00:00,1778140181064,1698420004669,25.16,12.97,152,PEN_MOVE,56,108,3,27,746,4
2026-05-07T07:49:41.079000+00:00,1778140181079,1698420004669,25.16,12.97,152,PEN_UP,56,108,3,27,746,4
2026-05-07T07:49:41.273000+00:00,1778140181273,1698420004844,-1,-1,0,PEN_DOWN,0,0,3,27,746,4
2026-05-07T07:49:41.274000+00:00,1778140181274,1698420004867,27.2,11.02,315,PEN_MOVE,62,106,3,27,746,4
2026-05-07T07:49:41.289000+00:00,1778140181289,1698420004890,27.19,11.06,470,PEN_MOVE,61,107,3,27,746,4
2026-05-07T07:49:41.304000+00:00,1778140181304,1698420004902,27.16,11.15,479,PEN_MOVE,65,107,3,27,746,4
2026-05-07T07:49:41.319000+00:00,1778140181319,1698420004913,27.09,11.39,482,PEN_MOVE,64,107,3,27,746,4
2026-05-07T07:49:41.320000+00:00,1778140181320,1698420004925,26.92,11.71,477,PEN_MOVE,66,107,3,27,746,4
2026-05-07T07:49:41.334000+00:00,1778140181334,1698420004936,26.73,12.03,491,PEN_MOVE,59,107,3,27,746,4
2026-05-07T07:49:41.349000+00:00,1778140181349,1698420004948,26.6,12.25,493,PEN_MOVE,61,110,3,27,746,4
2026-05-07T07:49:41.364000+00:00,1778140181364,1698420004959,26.53,12.47,492,PEN_MOVE,62,109,3,27,746,4
2026-05-07T07:49:41.379000+00:00,1778140181379,1698420004971,26.49,12.61,490,PEN_MOVE,61,109,3,27,746,4
2026-05-07T07:49:41.380000+00:00,1778140181380,1698420004982,26.47,12.69,486,PEN_MOVE,61,109,3,27,746,4
2026-05-07T07:49:41.394000+00:00,1778140181394,1698420004994,26.48,12.76,483,PEN_MOVE,64,110,3,27,746,4
2026-05-07T07:49:41.410000+00:00,1778140181410,1698420005006,26.51,12.81,454,PEN_MOVE,62,108,3,27,746,4
2026-05-07T07:49:41.425000+00:00,1778140181425,1698420005017,26.59,12.83,289,PEN_MOVE,62,109,3,27,746,4
2026-05-07T07:49:41.425000+00:00,1778140181425,1698420005029,26.7,12.82,148,PEN_MOVE,64,108,3,27,746,4
2026-05-07T07:49:41.439000+00:00,1778140181439,1698420005040,26.8,12.78,1,PEN_MOVE,62,106,3,27,746,4
2026-05-07T07:49:41.440000+00:00,1778140181440,1698420005040,26.8,12.78,1,PEN_UP,62,106,3,27,746,4
2026-05-07T07:49:41.619000+00:00,1778140181619,1698420005188,-1,-1,0,PEN_DOWN,0,0,3,27,746,4
2026-05-07T07:49:41.620000+00:00,1778140181620,1698420005211,26.3,12.07,336,PEN_MOVE,59,109,3,27,746,4
2026-05-07T07:49:41.620000+00:00,1778140181620,1698420005222,26.34,12.07,337,PEN_MOVE,60,109,3,27,746,4
2026-05-07T07:49:41.634000+00:00,1778140181634,1698420005234,26.4,12.06,330,PEN_MOVE,64,108,3,27,746,4
2026-05-07T07:49:41.649000+00:00,1778140181649,1698420005246,26.55,12.05,320,PEN_MOVE,58,107,3,27,746,4
2026-05-07T07:49:41.664000+00:00,1778140181664,1698420005257,26.74,12.04,168,PEN_MOVE,59,106,3,27,746,4
2026-05-07T07:49:41.664000+00:00,1778140181664,1698420005269,26.88,12.03,1,PEN_MOVE,58,106,3,27,746,4
2026-05-07T07:49:41.664000+00:00,1778140181664,1698420005269,26.88,12.03,1,PEN_UP,58,106,3,27,746,4
2026-05-07T07:49:42.024000+00:00,1778140182024,1698420005594,-1,-1,0,PEN_DOWN,0,0,3,27,746,4
2026-05-07T07:49:42.024000+00:00,1778140182024,1698420005617,29.8,10.94,292,PEN_MOVE,51,108,3,27,746,4
2026-05-07T07:49:42.025000+00:00,1778140182025,1698420005628,29.8,10.97,386,PEN_MOVE,51,108,3,27,746,4
2026-05-07T07:49:42.039000+00:00,1778140182039,1698420005640,29.81,11.01,417,PEN_MOVE,51,107,3,27,746,4
2026-05-07T07:49:42.060000+00:00,1778140182060,1698420005652,29.8,11.14,414,PEN_MOVE,51,107,3,27,746,4
2026-05-07T07:49:42.068000+00:00,1778140182068,1698420005663,29.79,11.5,409,PEN_MOVE,57,109,3,27,746,4
2026-05-07T07:49:42.069000+00:00,1778140182069,1698420005674,29.78,11.86,412,PEN_MOVE,57,107,3,27,746,4
2026-05-07T07:49:42.083000+00:00,1778140182083,1698420005686,29.75,12.15,407,PEN_MOVE,56,108,3,27,746,4
2026-05-07T07:49:42.099000+00:00,1778140182099,1698420005697,29.73,12.44,407,PEN_MOVE,56,108,3,27,746,4
2026-05-07T07:49:42.113000+00:00,1778140182113,1698420005709,29.72,12.64,407,PEN_MOVE,56,108,3,27,746,4
2026-05-07T07:49:42.129000+00:00,1778140182129,1698420005721,29.71,12.8,410,PEN_MOVE,58,107,3,27,746,4
2026-05-07T07:49:42.129000+00:00,1778140182129,1698420005733,29.7,12.91,407,PEN_MOVE,64,107,3,27,746,4
2026-05-07T07:49:42.144000+00:00,1778140182144,1698420005744,29.69,12.96,401,PEN_MOVE,58,107,3,27,746,4
2026-05-07T07:49:42.173000+00:00,1778140182173,1698420005767,29.66,12.98,150,PEN_MOVE,57,108,3,27,746,4
2026-05-07T07:49:42.174000+00:00,1778140182174,1698420005779,29.6,12.94,1,PEN_MOVE,56,109,3,27,746,4
2026-05-07T07:49:42.174000+00:00,1778140182174,1698420005779,29.6,12.94,1,PEN_UP,56,109,3,27,746,4
2026-05-07T07:49:42.353000+00:00,1778140182353,1698420005918,-1,-1,0,PEN_DOWN,0,0,3,27,746,4
2026-05-07T07:49:42.354000+00:00,1778140182354,1698420005941,29.12,11.15,388,PEN_MOVE,51,109,3,27,746,4
2026-05-07T07:49:42.354000+00:00,1778140182354,1698420005952,29.15,11.13,478,PEN_MOVE,52,109,3,27,746,4
2026-05-07T07:49:42.383000+00:00,1778140182383,1698420005976,29.2,11.12,515,PEN_MOVE,56,109,3,27,746,4
2026-05-07T07:49:42.383000+00:00,1778140182383,1698420005987,29.23,11.12,509,PEN_MOVE,56,109,3,27,746,4
2026-05-07T07:49:42.413000+00:00,1778140182413,1698420005998,29.48,11.13,504,PEN_MOVE,57,109,3,27,746,4
2026-05-07T07:49:42.430000+00:00,1778140182430,1698420006010,29.74,11.13,501,PEN_MOVE,56,106,3,27,746,4
2026-05-07T07:49:42.430000+00:00,1778140182430,1698420006021,29.99,11.12,496,PEN_MOVE,59,108,3,27,746,4
2026-05-07T07:49:42.444000+00:00,1778140182444,1698420006033,30.19,11.12,485,PEN_MOVE,59,107,3,27,746,4
2026-05-07T07:49:42.459000+00:00,1778140182459,1698420006045,30.34,11.11,439,PEN_MOVE,51,108,3,27,746,4
2026-05-07T07:49:42.474000+00:00,1778140182474,1698420006056,30.42,11.1,210,PEN_MOVE,55,107,3,27,746,4
2026-05-07T07:49:42.474000+00:00,1778140182474,1698420006067,30.46,11.11,1,PEN_MOVE,50,107,3,27,746,4
2026-05-07T07:49:42.489000+00:00,1778140182489,1698420006067,30.46,11.11,1,PEN_UP,50,107,3,27,746,4
2026-05-07T07:49:42.698000+00:00,1778140182698,1698420006267,-1,-1,0,PEN_DOWN,0,0,3,27,746,4
2026-05-07T07:49:42.699000+00:00,1778140182699,1698420006290,31.03,12.14,328,PEN_MOVE,58,108,3,27,746,4
2026-05-07T07:49:42.714000+00:00,1778140182714,1698420006313,31.06,12.16,432,PEN_MOVE,59,107,3,27,746,4
2026-05-07T07:49:42.729000+00:00,1778140182729,1698420006324,31.09,12.16,438,PEN_MOVE,65,107,3,27,746,4
2026-05-07T07:49:42.744000+00:00,1778140182744,1698420006348,31.17,12.16,438,PEN_MOVE,64,107,3,27,746,4
2026-05-07T07:49:42.759000+00:00,1778140182759,1698420006359,31.28,12.15,439,PEN_MOVE,65,107,3,27,746,4
2026-05-07T07:49:42.774000+00:00,1778140182774,1698420006370,31.42,12.13,438,PEN_MOVE,58,107,3,27,746,4
2026-05-07T07:49:42.790000+00:00,1778140182790,1698420006382,31.56,12.07,427,PEN_MOVE,57,107,3,27,746,4
2026-05-07T07:49:42.790000+00:00,1778140182790,1698420006394,31.66,11.96,413,PEN_MOVE,57,107,3,27,746,4
2026-05-07T07:49:42.804000+00:00,1778140182804,1698420006405,31.7,11.84,408,PEN_MOVE,59,107,3,27,746,4
2026-05-07T07:49:42.819000+00:00,1778140182819,1698420006416,31.71,11.75,409,PEN_MOVE,56,107,3,27,746,4
2026-05-07T07:49:42.848000+00:00,1778140182848,1698420006428,31.7,11.67,410,PEN_MOVE,57,107,3,27,746,4
2026-05-07T07:49:42.849000+00:00,1778140182849,1698420006440,31.64,11.61,414,PEN_MOVE,56,107,3,27,746,4
2026-05-07T07:49:42.849000+00:00,1778140182849,1698420006451,31.49,11.59,410,PEN_MOVE,56,107,3,27,746,4
2026-05-07T07:49:42.863000+00:00,1778140182863,1698420006463,31.26,11.58,426,PEN_MOVE,57,108,3,27,746,4
2026-05-07T07:49:42.880000+00:00,1778140182880,1698420006474,31.07,11.61,422,PEN_MOVE,58,108,3,27,746,4
2026-05-07T07:49:42.894000+00:00,1778140182894,1698420006486,30.93,11.7,418,PEN_MOVE,57,108,3,27,746,4
2026-05-07T07:49:42.895000+00:00,1778140182895,1698420006498,30.82,11.84,419,PEN_MOVE,56,107,3,27,746,4
2026-05-07T07:49:42.910000+00:00,1778140182910,1698420006509,30.77,11.97,419,PEN_MOVE,56,108,3,27,746,4
2026-05-07T07:49:42.924000+00:00,1778140182924,1698420006520,30.74,12.14,425,PEN_MOVE,56,110,3,27,746,4
2026-05-07T07:49:42.940000+00:00,1778140182940,1698420006532,30.73,12.29,430,PEN_MOVE,58,110,3,27,746,4
2026-05-07T07:49:42.940000+00:00,1778140182940,1698420006544,30.75,12.44,438,PEN_MOVE,58,110,3,27,746,4
2026-05-07T07:49:42.954000+00:00,1778140182954,1698420006555,30.79,12.57,443,PEN_MOVE,60,110,3,27,746,4
2026-05-07T07:49:42.969000+00:00,1778140182969,1698420006567,30.87,12.67,445,PEN_MOVE,58,108,3,27,746,4
2026-05-07T07:49:42.984000+00:00,1778140182984,1698420006578,30.97,12.76,440,PEN_MOVE,64,109,3,27,746,4
2026-05-07T07:49:42.984000+00:00,1778140182984,1698420006590,31.09,12.81,273,PEN_MOVE,61,109,3,27,746,4
2026-05-07T07:49:42.999000+00:00,1778140182999,1698420006601,31.21,12.81,29,PEN_MOVE,66,107,3,27,746,4
2026-05-07T07:49:42.999000+00:00,1778140182999,1698420006601,31.21,12.81,29,PEN_UP,66,107,3,27,746,4
2026-05-07T07:49:43.195000+00:00,1778140183195,1698420006759,-1,-1,0,PEN_DOWN,0,0,3,27,746,4
2026-05-07T07:49:43.195000+00:00,1778140183195,1698420006783,32.27,11.47,230,PEN_MOVE,57,106,3,27,746,4
2026-05-07T07:49:43.195000+00:00,1778140183195,1698420006794,32.16,11.48,277,PEN_MOVE,57,107,3,27,746,4
2026-05-07T07:49:43.210000+00:00,1778140183210,1698420006806,32.03,11.52,297,PEN_MOVE,58,107,3,27,746,4
2026-05-07T07:49:43.225000+00:00,1778140183225,1698420006817,31.89,11.57,306,PEN_MOVE,56,107,3,27,746,4
2026-05-07T07:49:43.225000+00:00,1778140183225,1698420006829,31.81,11.62,303,PEN_MOVE,56,107,3,27,746,4
2026-05-07T07:49:43.239000+00:00,1778140183239,1698420006840,31.77,11.66,298,PEN_MOVE,52,107,3,27,746,4
2026-05-07T07:49:43.255000+00:00,1778140183255,1698420006851,31.78,11.73,296,PEN_MOVE,59,107,3,27,746,4
2026-05-07T07:49:43.269000+00:00,1778140183269,1698420006863,31.82,11.8,296,PEN_MOVE,57,107,3,27,746,4
2026-05-07T07:49:43.269000+00:00,1778140183269,1698420006875,31.92,11.9,300,PEN_MOVE,65,110,3,27,746,4
2026-05-07T07:49:43.284000+00:00,1778140183284,1698420006886,32.1,12.03,306,PEN_MOVE,66,110,3,27,746,4
2026-05-07T07:49:43.299000+00:00,1778140183299,1698420006897,32.26,12.14,312,PEN_MOVE,60,106,3,27,746,4
2026-05-07T07:49:43.314000+00:00,1778140183314,1698420006909,32.4,12.27,317,PEN_MOVE,56,106,3,27,746,4
2026-05-07T07:49:43.329000+00:00,1778140183329,1698420006921,32.47,12.38,319,PEN_MOVE,57,106,3,27,746,4
2026-05-07T07:49:43.330000+00:00,1778140183330,1698420006933,32.5,12.5,325,PEN_MOVE,63,107,3,27,746,4
2026-05-07T07:49:43.344000+00:00,1778140183344,1698420006944,32.5,12.58,375,PEN_MOVE,60,107,3,27,746,4
2026-05-07T07:49:43.373000+00:00,1778140183373,1698420006956,32.46,12.65,385,PEN_MOVE,64,107,3,27,746,4
2026-05-07T07:49:43.374000+00:00,1778140183374,1698420006967,32.36,12.74,402,PEN_MOVE,67,107,3,27,746,4
2026-05-07T07:49:43.375000+00:00,1778140183375,1698420006979,32.2,12.8,419,PEN_MOVE,66,106,3,27,746,4
2026-05-07T07:49:43.389000+00:00,1778140183389,1698420006990,32.04,12.85,462,PEN_MOVE,63,107,3,27,746,4
2026-05-07T07:49:43.404000+00:00,1778140183404,1698420007002,31.93,12.88,470,PEN_MOVE,64,107,3,27,746,4
2026-05-07T07:49:43.419000+00:00,1778140183419,1698420007013,31.84,12.9,452,PEN_MOVE,60,107,3,27,746,4
2026-05-07T07:49:43.420000+00:00,1778140183420,1698420007025,31.79,12.9,312,PEN_MOVE,61,108,3,27,746,4
2026-05-07T07:49:43.434000+00:00,1778140183434,1698420007036,31.75,12.87,129,PEN_MOVE,66,108,3,27,746,4
2026-05-07T07:49:43.449000+00:00,1778140183449,1698420007048,31.74,12.79,1,PEN_MOVE,59,107,3,27,746,4
2026-05-07T07:49:43.450000+00:00,1778140183450,1698420007048,31.74,12.79,1,PEN_UP,59,107,3,27,746,4
2026-05-07T07:49:43.629000+00:00,1778140183629,1698420007202,-1,-1,0,PEN_DOWN,0,0,3,27,746,4
2026-05-07T07:49:43.629000+00:00,1778140183629,1698420007225,33.66,11.01,297,PEN_MOVE,61,107,3,27,746,4
2026-05-07T07:49:43.644000+00:00,1778140183644,1698420007236,33.61,11.04,398,PEN_MOVE,62,107,3,27,746,4
2026-05-07T07:49:43.645000+00:00,1778140183645,1698420007248,33.54,11.14,410,PEN_MOVE,64,107,3,27,746,4
2026-05-07T07:49:43.659000+00:00,1778140183659,1698420007259,33.41,11.36,420,PEN_MOVE,64,107,3,27,746,4
2026-05-07T07:49:43.674000+00:00,1778140183674,1698420007271,33.25,11.67,423,PEN_MOVE,57,107,3,27,746,4
2026-05-07T07:49:43.689000+00:00,1778140183689,1698420007282,33.14,11.93,420,PEN_MOVE,64,107,3,27,746,4
2026-05-07T07:49:43.690000+00:00,1778140183690,1698420007294,33.07,12.17,421,PEN_MOVE,59,107,3,27,746,4
2026-05-07T07:49:43.704000+00:00,1778140183704,1698420007305,33.03,12.37,422,PEN_MOVE,56,107,3,27,746,4
2026-05-07T07:49:43.719000+00:00,1778140183719,1698420007317,33.01,12.51,425,PEN_MOVE,58,107,3,27,746,4
2026-05-07T07:49:43.734000+00:00,1778140183734,1698420007329,33.0,12.64,427,PEN_MOVE,58,107,3,27,746,4
2026-05-07T07:49:43.749000+00:00,1778140183749,1698420007340,33.0,12.75,425,PEN_MOVE,64,107,3,27,746,4
2026-05-07T07:49:43.749000+00:00,1778140183749,1698420007352,33.0,12.8,415,PEN_MOVE,65,107,3,27,746,4
2026-05-07T07:49:43.778000+00:00,1778140183778,1698420007375,33.05,12.82,109,PEN_MOVE,66,106,3,27,746,4
2026-05-07T07:49:43.779000+00:00,1778140183779,1698420007375,33.05,12.82,109,PEN_UP,66,106,3,27,746,4
2026-05-07T07:49:43.944000+00:00,1778140183944,1698420007511,-1,-1,0,PEN_DOWN,0,0,3,27,746,4
2026-05-07T07:49:43.944000+00:00,1778140183944,1698420007534,32.77,12.13,343,PEN_MOVE,52,107,3,27,746,4
2026-05-07T07:49:43.959000+00:00,1778140183959,1698420007557,32.82,12.13,369,PEN_MOVE,56,107,3,27,746,4
2026-05-07T07:49:43.974000+00:00,1778140183974,1698420007569,32.9,12.13,365,PEN_MOVE,56,107,3,27,746,4
2026-05-07T07:49:43.990000+00:00,1778140183990,1698420007580,33.06,12.12,348,PEN_MOVE,56,106,3,27,746,4
2026-05-07T07:49:43.990000+00:00,1778140183990,1698420007592,33.25,12.1,128,PEN_MOVE,60,107,3,27,746,4
2026-05-07T07:49:43.990000+00:00,1778140183990,1698420007592,33.25,12.1,128,PEN_UP,60,107,3,27,746,4
2026-05-07T07:49:44.304000+00:00,1778140184304,1698420007881,-1,-1,0,PEN_DOWN,0,0,3,27,746,4
2026-05-07T07:49:44.304000+00:00,1778140184304,1698420007904,36.15,11.18,243,PEN_MOVE,58,107,3,27,746,4
2026-05-07T07:49:44.333000+00:00,1778140184333,1698420007939,36.17,11.16,433,PEN_MOVE,59,107,3,27,746,4
2026-05-07T07:49:44.363000+00:00,1778140184363,1698420007962,36.19,11.24,487,PEN_MOVE,56,108,3,27,746,4
2026-05-07T07:49:44.379000+00:00,1778140184379,1698420007974,36.18,11.44,478,PEN_MOVE,50,107,3,27,746,4
2026-05-07T07:49:44.394000+00:00,1778140184394,1698420007985,36.17,11.85,486,PEN_MOVE,51,106,3,27,746,4
2026-05-07T07:49:44.394000+00:00,1778140184394,1698420007997,36.14,12.15,481,PEN_MOVE,56,108,3,27,746,4
2026-05-07T07:49:44.422000+00:00,1778140184422,1698420008008,36.1,12.42,481,PEN_MOVE,60,108,3,27,746,4
2026-05-07T07:49:44.423000+00:00,1778140184423,1698420008020,36.07,12.6,479,PEN_MOVE,60,108,3,27,746,4
2026-05-07T07:49:44.439000+00:00,1778140184439,1698420008031,36.05,12.73,476,PEN_MOVE,64,107,3,27,746,4
2026-05-07T07:49:44.439000+00:00,1778140184439,1698420008043,36.02,12.85,476,PEN_MOVE,67,107,3,27,746,4
2026-05-07T07:49:44.454000+00:00,1778140184454,1698420008054,36.0,12.93,471,PEN_MOVE,60,107,3,27,746,4
2026-05-07T07:49:44.469000+00:00,1778140184469,1698420008066,35.98,12.95,457,PEN_MOVE,60,107,3,27,746,4
2026-05-07T07:49:44.483000+00:00,1778140184483,1698420008089,35.92,12.95,111,PEN_MOVE,59,107,3,27,746,4
2026-05-07T07:49:44.499000+00:00,1778140184499,1698420008101,35.86,12.89,1,PEN_MOVE,60,107,3,27,746,4
2026-05-07T07:49:44.499000+00:00,1778140184499,1698420008101,35.86,12.89,1,PEN_UP,60,107,3,27,746,4
2026-05-07T07:49:44.648000+00:00,1778140184648,1698420008221,-1,-1,0,PEN_DOWN,0,0,3,27,746,4
2026-05-07T07:49:44.648000+00:00,1778140184648,1698420008244,35.27,11.19,376,PEN_MOVE,57,108,3,27,746,4
2026-05-07T07:49:44.664000+00:00,1778140184664,1698420008266,35.31,11.18,481,PEN_MOVE,58,108,3,27,746,4
2026-05-07T07:49:44.679000+00:00,1778140184679,1698420008278,35.35,11.18,485,PEN_MOVE,57,108,3,27,746,4
2026-05-07T07:49:44.694000+00:00,1778140184694,1698420008290,35.43,11.18,479,PEN_MOVE,59,108,3,27,746,4
2026-05-07T07:49:44.710000+00:00,1778140184710,1698420008301,35.54,11.18,475,PEN_MOVE,60,107,3,27,746,4
2026-05-07T07:49:44.710000+00:00,1778140184710,1698420008313,35.75,11.19,471,PEN_MOVE,59,107,3,27,746,4
2026-05-07T07:49:44.724000+00:00,1778140184724,1698420008324,35.98,11.21,463,PEN_MOVE,59,107,3,27,746,4
2026-05-07T07:49:44.739000+00:00,1778140184739,1698420008336,36.22,11.22,440,PEN_MOVE,59,106,3,27,746,4
2026-05-07T07:49:44.755000+00:00,1778140184755,1698420008347,36.36,11.22,197,PEN_MOVE,58,107,3,27,746,4
2026-05-07T07:49:44.755000+00:00,1778140184755,1698420008359,36.43,11.23,1,PEN_MOVE,51,107,3,27,746,4
2026-05-07T07:49:44.755000+00:00,1778140184755,1698420008359,36.43,11.23,1,PEN_UP,51,107,3,27,746,4
2026-05-07T07:49:44.963000+00:00,1778140184963,1698420008528,-1,-1,0,PEN_DOWN,0,0,3,27,746,4
2026-05-07T07:49:44.964000+00:00,1778140184964,1698420008551,36.73,12.75,326,PEN_MOVE,65,106,3,27,746,4
2026-05-07T07:49:44.979000+00:00,1778140184979,1698420008574,36.76,12.75,448,PEN_MOVE,64,106,3,27,746,4
2026-05-07T07:49:44.995000+00:00,1778140184995,1698420008585,36.79,12.76,457,PEN_MOVE,60,107,3,27,746,4
2026-05-07T07:49:44.995000+00:00,1778140184995,1698420008597,36.82,12.76,455,PEN_MOVE,64,106,3,27,746,4
2026-05-07T07:49:45.010000+00:00,1778140185010,1698420008609,36.86,12.76,451,PEN_MOVE,66,107,3,27,746,4
2026-05-07T07:49:45.024000+00:00,1778140185024,1698420008621,36.96,12.75,446,PEN_MOVE,65,106,3,27,746,4
2026-05-07T07:49:45.040000+00:00,1778140185040,1698420008632,37.12,12.71,433,PEN_MOVE,59,106,3,27,746,4
2026-05-07T07:49:45.040000+00:00,1778140185040,1698420008643,37.26,12.63,391,PEN_MOVE,65,106,3,27,746,4
2026-05-07T07:49:45.054000+00:00,1778140185054,1698420008655,37.36,12.51,363,PEN_MOVE,65,106,3,27,746,4
2026-05-07T07:49:45.069000+00:00,1778140185069,1698420008666,37.41,12.4,369,PEN_MOVE,66,106,3,27,746,4
2026-05-07T07:49:45.084000+00:00,1778140185084,1698420008678,37.42,12.3,373,PEN_MOVE,59,107,3,27,746,4
2026-05-07T07:49:45.084000+00:00,1778140185084,1698420008689,37.4,12.2,380,PEN_MOVE,60,107,3,27,746,4
2026-05-07T07:49:45.099000+00:00,1778140185099,1698420008701,37.35,12.13,401,PEN_MOVE,67,106,3,27,746,4
2026-05-07T07:49:45.114000+00:00,1778140185114,1698420008712,37.22,12.08,430,PEN_MOVE,67,106,3,27,746,4
2026-05-07T07:49:45.129000+00:00,1778140185129,1698420008724,36.98,12.07,451,PEN_MOVE,60,107,3,27,746,4
2026-05-07T07:49:45.144000+00:00,1778140185144,1698420008736,36.79,12.1,452,PEN_MOVE,57,106,3,27,746,4
2026-05-07T07:49:45.145000+00:00,1778140185145,1698420008748,36.69,12.17,447,PEN_MOVE,59,106,3,27,746,4
2026-05-07T07:49:45.159000+00:00,1778140185159,1698420008759,36.62,12.31,441,PEN_MOVE,52,107,3,27,746,4
2026-05-07T07:49:45.174000+00:00,1778140185174,1698420008771,36.59,12.52,445,PEN_MOVE,56,107,3,27,746,4
2026-05-07T07:49:45.189000+00:00,1778140185189,1698420008782,36.58,12.68,449,PEN_MOVE,58,106,3,27,746,4
2026-05-07T07:49:45.190000+00:00,1778140185190,1698420008794,36.6,12.83,454,PEN_MOVE,64,107,3,27,746,4
2026-05-07T07:49:45.204000+00:00,1778140185204,1698420008805,36.65,12.94,456,PEN_MOVE,59,107,3,27,746,4
2026-05-07T07:49:45.218000+00:00,1778140185218,1698420008816,36.71,13.02,444,PEN_MOVE,65,107,3,27,746,4
2026-05-07T07:49:45.233000+00:00,1778140185233,1698420008828,36.81,13.05,309,PEN_MOVE,65,107,3,27,746,4
2026-05-07T07:49:45.233000+00:00,1778140185233,1698420008840,36.89,13.07,121,PEN_MOVE,66,106,3,27,746,4
2026-05-07T07:49:45.248000+00:00,1778140185248,1698420008851,36.98,13.07,1,PEN_MOVE,66,106,3,27,746,4
2026-05-07T07:49:45.248000+00:00,1778140185248,1698420008851,36.98,13.07,1,PEN_UP,66,106,3,27,746,4
2026-05-07T07:49:45.398000+00:00,1778140185398,1698420008972,-1,-1,0,PEN_DOWN,0,0,3,27,746,4
2026-05-07T07:49:45.398000+00:00,1778140185398,1698420008995,37.98,11.88,304,PEN_MOVE,67,107,3,27,746,4
2026-05-07T07:49:45.413000+00:00,1778140185413,1698420009006,37.9,11.86,401,PEN_MOVE,67,107,3,27,746,4
2026-05-07T07:49:45.413000+00:00,1778140185413,1698420009018,37.81,11.85,440,PEN_MOVE,67,107,3,27,746,4
2026-05-07T07:49:45.428000+00:00,1778140185428,1698420009029,37.71,11.85,448,PEN_MOVE,66,107,3,27,746,4
2026-05-07T07:49:45.443000+00:00,1778140185443,1698420009041,37.62,11.86,439,PEN_MOVE,66,107,3,27,746,4
2026-05-07T07:49:45.472000+00:00,1778140185472,1698420009052,37.58,11.89,430,PEN_MOVE,65,107,3,27,746,4
2026-05-07T07:49:45.473000+00:00,1778140185473,1698420009064,37.58,11.96,425,PEN_MOVE,66,107,3,27,746,4
2026-05-07T07:49:45.473000+00:00,1778140185473,1698420009075,37.61,12.07,424,PEN_MOVE,65,107,3,27,746,4
2026-05-07T07:49:45.488000+00:00,1778140185488,1698420009087,37.69,12.21,425,PEN_MOVE,59,107,3,27,746,4
2026-05-07T07:49:45.503000+00:00,1778140185503,1698420009099,37.82,12.36,428,PEN_MOVE,64,107,3,27,746,4
2026-05-07T07:49:45.519000+00:00,1778140185519,1698420009110,37.96,12.5,432,PEN_MOVE,64,107,3,27,746,4
2026-05-07T07:49:45.519000+00:00,1778140185519,1698420009122,38.05,12.65,437,PEN_MOVE,58,106,3,27,746,4
2026-05-07T07:49:45.534000+00:00,1778140185534,1698420009133,38.1,12.79,440,PEN_MOVE,65,105,3,27,746,4
2026-05-07T07:49:45.548000+00:00,1778140185548,1698420009145,38.11,12.9,441,PEN_MOVE,62,105,3,27,746,4
2026-05-07T07:49:45.564000+00:00,1778140185564,1698420009156,38.09,13.0,447,PEN_MOVE,63,105,3,27,746,4
2026-05-07T07:49:45.564000+00:00,1778140185564,1698420009168,38.03,13.08,493,PEN_MOVE,63,105,3,27,746,4
2026-05-07T07:49:45.579000+00:00,1778140185579,1698420009179,37.94,13.14,537,PEN_MOVE,63,105,3,27,746,4
2026-05-07T07:49:45.595000+00:00,1778140185595,1698420009191,37.8,13.19,537,PEN_MOVE,62,104,3,27,746,4
2026-05-07T07:49:45.609000+00:00,1778140185609,1698420009203,37.65,13.21,560,PEN_MOVE,63,105,3,27,746,4
2026-05-07T07:49:45.609000+00:00,1778140185609,1698420009214,37.51,13.22,557,PEN_MOVE,62,105,3,27,746,4
2026-05-07T07:49:45.624000+00:00,1778140185624,1698420009225,37.41,13.22,541,PEN_MOVE,63,106,3,27,746,4
2026-05-07T07:49:45.639000+00:00,1778140185639,1698420009237,37.36,13.21,382,PEN_MOVE,63,106,3,27,746,4
2026-05-07T07:49:45.654000+00:00,1778140185654,1698420009249,37.32,13.2,139,PEN_MOVE,67,107,3,27,746,4
2026-05-07T07:49:45.669000+00:00,1778140185669,1698420009260,37.3,13.16,1,PEN_MOVE,67,107,3,27,746,4
2026-05-07T07:49:45.670000+00:00,1778140185670,1698420009260,37.3,13.16,1,PEN_UP,67,107,3,27,746,4
2026-05-07T07:49:45.818000+00:00,1778140185818,1698420009393,-1,-1,0,PEN_DOWN,0,0,3,27,746,4
2026-05-07T07:49:45.819000+00:00,1778140185819,1698420009416,39.0,11.3,326,PEN_MOVE,66,109,3,27,746,4
2026-05-07T07:49:45.834000+00:00,1778140185834,1698420009438,39.0,11.34,515,PEN_MOVE,63,108,3,27,746,4
2026-05-07T07:49:45.849000+00:00,1778140185849,1698420009451,38.98,11.4,546,PEN_MOVE,61,108,3,27,746,4
2026-05-07T07:49:45.864000+00:00,1778140185864,1698420009463,38.94,11.55,541,PEN_MOVE,65,107,3,27,746,4
2026-05-07T07:49:45.879000+00:00,1778140185879,1698420009474,38.85,11.76,541,PEN_MOVE,60,107,3,27,746,4
2026-05-07T07:49:45.894000+00:00,1778140185894,1698420009485,38.75,11.99,534,PEN_MOVE,67,107,3,27,746,4
2026-05-07T07:49:45.895000+00:00,1778140185895,1698420009497,38.69,12.17,532,PEN_MOVE,67,109,3,27,746,4
2026-05-07T07:49:45.910000+00:00,1778140185910,1698420009508,38.64,12.32,530,PEN_MOVE,66,109,3,27,746,4
2026-05-07T07:49:45.924000+00:00,1778140185924,1698420009520,38.61,12.45,527,PEN_MOVE,61,108,3,27,746,4
2026-05-07T07:49:45.939000+00:00,1778140185939,1698420009532,38.59,12.51,520,PEN_MOVE,67,108,3,27,746,4
2026-05-07T07:49:45.939000+00:00,1778140185939,1698420009543,38.58,12.58,509,PEN_MOVE,61,108,3,27,746,4
2026-05-07T07:49:45.954000+00:00,1778140185954,1698420009555,38.57,12.66,397,PEN_MOVE,62,107,3,27,746,4
2026-05-07T07:49:45.997000+00:00,1778140185997,1698420009566,38.56,12.73,188,PEN_MOVE,60,107,3,27,746,4
2026-05-07T07:49:45.999000+00:00,1778140185999,1698420009578,38.55,12.75,2,PEN_MOVE,61,107,3,27,746,4
2026-05-07T07:49:45.999000+00:00,1778140185999,1698420009578,38.55,12.75,2,PEN_UP,61,107,3,27,746,4
2026-05-07T07:49:46.133000+00:00,1778140186133,1698420009712,-1,-1,0,PEN_DOWN,0,0,3,27,746,4
2026-05-07T07:49:46.133000+00:00,1778140186133,1698420009735,37.86,11.85,314,PEN_MOVE,65,108,3,27,746,4
2026-05-07T07:49:46.149000+00:00,1778140186149,1698420009746,37.91,11.85,347,PEN_MOVE,64,109,3,27,746,4
2026-05-07T07:49:46.164000+00:00,1778140186164,1698420009758,37.97,11.86,350,PEN_MOVE,64,108,3,27,746,4
2026-05-07T07:49:46.164000+00:00,1778140186164,1698420009770,38.07,11.86,346,PEN_MOVE,60,108,3,27,746,4
2026-05-07T07:49:46.180000+00:00,1778140186180,1698420009781,38.26,11.87,335,PEN_MOVE,64,108,3,27,746,4
2026-05-07T07:49:46.194000+00:00,1778140186194,1698420009793,38.48,11.88,266,PEN_MOVE,59,107,3,27,746,4
2026-05-07T07:49:46.209000+00:00,1778140186209,1698420009804,38.73,11.89,62,PEN_MOVE,58,106,3,27,746,4
2026-05-07T07:49:46.210000+00:00,1778140186210,1698420009804,38.73,11.89,62,PEN_UP,58,106,3,27,746,4
2026-05-07T10:01:45.714000+00:00,1778148105714,1698427930052,-1,-1,0,PEN_DOWN,0,0,-1,-1,-1,-1
2026-05-07T10:01:45.717000+00:00,1778148105717,1698427930077,13.04,72.72,292,PEN_MOVE,99,122,3,27,746,3
2026-05-07T10:01:45.730000+00:00,1778148105730,1698427930101,13.07,72.73,445,PEN_MOVE,98,122,3,27,746,3
2026-05-07T10:01:45.759000+00:00,1778148105759,1698427930135,13.1,72.74,645,PEN_MOVE,98,123,3,27,746,3
2026-05-07T10:01:45.819000+00:00,1778148105819,1698427930193,13.13,72.75,692,PEN_MOVE,96,122,3,27,746,3
2026-05-07T10:01:45.864000+00:00,1778148105864,1698427930239,13.16,72.72,655,PEN_MOVE,99,123,3,27,746,3
2026-05-07T10:01:45.893000+00:00,1778148105893,1698427930262,13.22,72.68,645,PEN_MOVE,106,122,3,27,746,3
2026-05-07T10:01:45.894000+00:00,1778148105894,1698427930273,13.26,72.66,641,PEN_MOVE,99,121,3,27,746,3
2026-05-07T10:01:45.909000+00:00,1778148105909,1698427930285,13.3,72.63,637,PEN_MOVE,99,121,3,27,746,3
2026-05-07T10:01:45.924000+00:00,1778148105924,1698427930296,13.32,72.6,634,PEN_MOVE,98,123,3,27,746,3
2026-05-07T10:01:45.940000+00:00,1778148105940,1698427930308,13.36,72.57,631,PEN_MOVE,100,122,3,27,746,3
2026-05-07T10:01:45.940000+00:00,1778148105940,1698427930320,13.45,72.49,626,PEN_MOVE,106,123,3,27,746,3
2026-05-07T10:01:45.954000+00:00,1778148105954,1698427930331,13.59,72.37,623,PEN_MOVE,107,121,3,27,746,3
2026-05-07T10:01:45.969000+00:00,1778148105969,1698427930342,13.73,72.24,621,PEN_MOVE,106,121,3,27,746,3
2026-05-07T10:01:45.984000+00:00,1778148105984,1698427930354,13.84,72.11,617,PEN_MOVE,109,121,3,27,746,3
2026-05-07T10:01:46+00:00,1778148106000,1698427930366,13.92,72.02,616,PEN_MOVE,106,119,3,27,746,3
2026-05-07T10:01:46.001000+00:00,1778148106001,1698427930378,13.97,71.95,615,PEN_MOVE,109,120,3,27,746,3
2026-05-07T10:01:46.014000+00:00,1778148106014,1698427930389,14.0,71.92,613,PEN_MOVE,109,119,3,27,746,3
2026-05-07T10:01:46.044000+00:00,1778148106044,1698427930412,14.04,71.88,605,PEN_MOVE,109,119,3,27,746,3
2026-05-07T10:01:46.060000+00:00,1778148106060,1698427930436,14.07,71.84,588,PEN_MOVE,111,119,3,27,746,3
2026-05-07T10:01:46.075000+00:00,1778148106075,1698427930447,14.11,71.79,561,PEN_MOVE,110,119,3,27,746,3
2026-05-07T10:01:46.089000+00:00,1778148106089,1698427930459,14.15,71.74,550,PEN_MOVE,111,119,3,27,746,3
2026-05-07T10:01:46.136000+00:00,1778148106136,1698427930470,14.2,71.67,539,PEN_MOVE,111,117,3,27,746,3
2026-05-07T10:01:46.136000+00:00,1778148106136,1698427930480,14.24,71.59,531,PEN_MOVE,111,118,3,27,746,3
2026-05-07T10:01:46.136000+00:00,1778148106136,1698427930493,14.28,71.55,528,PEN_MOVE,109,118,3,27,746,3
2026-05-07T10:01:46.137000+00:00,1778148106137,1698427930516,14.31,71.54,537,PEN_MOVE,108,118,3,27,746,3
2026-05-07T10:01:46.165000+00:00,1778148106165,1698427930540,14.31,71.57,542,PEN_MOVE,119,117,3,27,746,3
2026-05-07T10:01:46.180000+00:00,1778148106180,1698427930551,14.32,71.62,545,PEN_MOVE,109,118,3,27,746,3
2026-05-07T10:01:46.195000+00:00,1778148106195,1698427930563,14.32,71.72,551,PEN_MOVE,110,118,3,27,746,3
2026-05-07T10:01:46.196000+00:00,1778148106196,1698427930573,14.32,71.86,553,PEN_MOVE,109,119,3,27,746,3
2026-05-07T10:01:46.210000+00:00,1778148106210,1698427930585,14.32,72.05,556,PEN_MOVE,108,117,3,27,746,3
2026-05-07T10:01:46.225000+00:00,1778148106225,1698427930597,14.31,72.25,557,PEN_MOVE,107,118,3,27,746,3
2026-05-07T10:01:46.240000+00:00,1778148106240,1698427930609,14.29,72.42,558,PEN_MOVE,109,118,3,27,746,3
2026-05-07T10:01:46.255000+00:00,1778148106255,1698427930620,14.28,72.63,557,PEN_MOVE,109,117,3,27,746,3
2026-05-07T10:01:46.255000+00:00,1778148106255,1698427930631,14.25,72.81,555,PEN_MOVE,109,117,3,27,746,3
2026-05-07T10:01:46.269000+00:00,1778148106269,1698427930643,14.23,72.95,555,PEN_MOVE,106,118,3,27,746,3
2026-05-07T10:01:46.284000+00:00,1778148106284,1698427930655,14.22,73.04,558,PEN_MOVE,109,118,3,27,746,3
2026-05-07T10:01:46.301000+00:00,1778148106301,1698427930666,14.22,73.11,560,PEN_MOVE,110,116,3,27,746,3
2026-05-07T10:01:46.329000+00:00,1778148106329,1698427930678,14.21,73.16,564,PEN_MOVE,118,116,3,27,746,3
2026-05-07T10:01:46.329000+00:00,1778148106329,1698427930689,14.21,73.2,568,PEN_MOVE,111,115,3,27,746,3
2026-05-07T10:01:46.345000+00:00,1778148106345,1698427930713,14.2,73.25,577,PEN_MOVE,109,116,3,27,746,3
2026-05-07T10:01:46.360000+00:00,1778148106360,1698427930736,14.2,73.28,574,PEN_MOVE,110,114,3,27,746,3
2026-05-07T10:01:46.404000+00:00,1778148106404,1698427930782,14.18,73.27,317,PEN_MOVE,119,113,3,27,746,3
2026-05-07T10:01:46.420000+00:00,1778148106420,1698427930793,14.14,73.27,96,PEN_MOVE,120,111,3,27,746,3
2026-05-07T10:01:46.421000+00:00,1778148106421,1698427930793,14.14,73.27,96,PEN_UP,120,111,3,27,746,3
2026-05-07T10:01:47.409000+00:00,1778148107409,1698427931756,-1,-1,0,PEN_DOWN,0,0,3,27,746,3
2026-05-07T10:01:47.410000+00:00,1778148107410,1698427931780,15.92,72.26,249,PEN_MOVE,110,126,3,27,746,3
2026-05-07T10:01:47.426000+00:00,1778148107426,1698427931791,15.87,72.26,319,PEN_MOVE,109,126,3,27,746,3
2026-05-07T10:01:47.426000+00:00,1778148107426,1698427931803,15.84,72.25,370,PEN_MOVE,118,127,3,27,746,3
2026-05-07T10:01:47.440000+00:00,1778148107440,1698427931814,15.81,72.25,414,PEN_MOVE,111,127,3,27,746,3
2026-05-07T10:01:47.513000+00:00,1778148107513,1698427931883,15.83,72.22,423,PEN_MOVE,120,126,3,27,746,3
2026-05-07T10:01:47.514000+00:00,1778148107514,1698427931895,15.86,72.21,421,PEN_MOVE,108,127,3,27,746,3
2026-05-07T10:01:47.530000+00:00,1778148107530,1698427931906,15.91,72.19,419,PEN_MOVE,118,125,3,27,746,3
2026-05-07T10:01:47.545000+00:00,1778148107545,1698427931918,16.0,72.14,415,PEN_MOVE,108,124,3,27,746,3
2026-05-07T10:01:47.560000+00:00,1778148107560,1698427931930,16.1,72.07,413,PEN_MOVE,119,123,3,27,746,3
2026-05-07T10:01:47.575000+00:00,1778148107575,1698427931941,16.22,72.01,411,PEN_MOVE,118,122,3,27,746,3
2026-05-07T10:01:47.576000+00:00,1778148107576,1698427931953,16.33,71.96,407,PEN_MOVE,118,124,3,27,746,3
2026-05-07T10:01:47.590000+00:00,1778148107590,1698427931964,16.44,71.95,406,PEN_MOVE,110,121,3,27,746,3
2026-05-07T10:01:47.604000+00:00,1778148107604,1698427931976,16.56,71.95,408,PEN_MOVE,118,120,3,27,746,3
2026-05-07T10:01:47.620000+00:00,1778148107620,1698427931988,16.69,71.97,406,PEN_MOVE,110,121,3,27,746,3
2026-05-07T10:01:47.620000+00:00,1778148107620,1698427931999,16.79,72.0,405,PEN_MOVE,118,119,3,27,746,3
2026-05-07T10:01:47.634000+00:00,1778148107634,1698427932010,16.87,72.07,406,PEN_MOVE,111,120,3,27,746,3
2026-05-07T10:01:47.650000+00:00,1778148107650,1698427932022,16.9,72.16,404,PEN_MOVE,110,119,3,27,746,3
2026-05-07T10:01:47.665000+00:00,1778148107665,1698427932034,16.91,72.28,403,PEN_MOVE,118,119,3,27,746,3
2026-05-07T10:01:47.679000+00:00,1778148107679,1698427932046,16.91,72.45,396,PEN_MOVE,109,120,3,27,746,3
2026-05-07T10:01:47.680000+00:00,1778148107680,1698427932056,16.89,72.6,398,PEN_MOVE,106,119,3,27,746,3
2026-05-07T10:01:47.695000+00:00,1778148107695,1698427932068,16.83,72.8,396,PEN_MOVE,119,118,3,27,746,3
2026-05-07T10:01:47.710000+00:00,1778148107710,1698427932080,16.71,73.0,394,PEN_MOVE,110,120,3,27,746,3
2026-05-07T10:01:47.725000+00:00,1778148107725,1698427932092,16.59,73.18,393,PEN_MOVE,109,122,3,27,746,3
2026-05-07T10:01:47.726000+00:00,1778148107726,1698427932103,16.49,73.32,392,PEN_MOVE,108,120,3,27,746,3
2026-05-07T10:01:47.740000+00:00,1778148107740,1698427932114,16.4,73.45,394,PEN_MOVE,108,120,3,27,746,3
2026-05-07T10:01:47.754000+00:00,1778148107754,1698427932126,16.32,73.56,396,PEN_MOVE,108,121,3,27,746,3
2026-05-07T10:01:47.770000+00:00,1778148107770,1698427932138,16.28,73.64,400,PEN_MOVE,106,120,3,27,746,3
2026-05-07T10:01:47.770000+00:00,1778148107770,1698427932149,16.24,73.69,402,PEN_MOVE,106,119,3,27,746,3
2026-05-07T10:01:47.784000+00:00,1778148107784,1698427932160,16.22,73.73,402,PEN_MOVE,106,119,3,27,746,3
2026-05-07T10:01:47.800000+00:00,1778148107800,1698427932171,16.21,73.77,401,PEN_MOVE,99,119,3,27,746,3
2026-05-07T10:01:47.829000+00:00,1778148107829,1698427932195,16.22,73.82,392,PEN_MOVE,107,118,3,27,746,3
2026-05-07T10:01:47.859000+00:00,1778148107859,1698427932219,16.3,73.82,398,PEN_MOVE,109,118,3,27,746,3
2026-05-07T10:01:47.859000+00:00,1778148107859,1698427932230,16.39,73.81,406,PEN_MOVE,108,118,3,27,746,3
2026-05-07T10:01:47.875000+00:00,1778148107875,1698427932242,16.51,73.8,417,PEN_MOVE,111,117,3,27,746,3
2026-05-07T10:01:47.875000+00:00,1778148107875,1698427932253,16.62,73.78,429,PEN_MOVE,110,118,3,27,746,3
2026-05-07T10:01:47.890000+00:00,1778148107890,1698427932264,16.72,73.76,432,PEN_MOVE,109,119,3,27,746,3
2026-05-07T10:01:47.905000+00:00,1778148107905,1698427932276,16.82,73.74,436,PEN_MOVE,107,118,3,27,746,3
2026-05-07T10:01:47.920000+00:00,1778148107920,1698427932288,16.93,73.72,441,PEN_MOVE,109,117,3,27,746,3
2026-05-07T10:01:47.920000+00:00,1778148107920,1698427932299,17.01,73.7,444,PEN_MOVE,111,117,3,27,746,3
2026-05-07T10:01:47.934000+00:00,1778148107934,1698427932311,17.06,73.69,446,PEN_MOVE,110,117,3,27,746,3
2026-05-07T10:01:47.949000+00:00,1778148107949,1698427932323,17.1,73.68,447,PEN_MOVE,110,116,3,27,746,3
2026-05-07T10:01:47.978000+00:00,1778148107978,1698427932345,17.13,73.68,444,PEN_MOVE,109,117,3,27,746,3
2026-05-07T10:01:48.023000+00:00,1778148108023,1698427932404,17.15,73.67,158,PEN_MOVE,118,115,3,27,746,3
2026-05-07T10:01:48.039000+00:00,1778148108039,1698427932404,17.15,73.67,158,PEN_UP,118,115,3,27,746,3
2026-05-07T10:01:48.594000+00:00,1778148108594,1698427932945,-1,-1,0,PEN_DOWN,0,0,3,27,746,3
2026-05-07T10:01:48.595000+00:00,1778148108595,1698427932968,18.98,72.97,199,PEN_MOVE,120,121,3,27,746,3
2026-05-07T10:01:48.638000+00:00,1778148108638,1698427933014,18.99,72.94,371,PEN_MOVE,108,121,3,27,746,3
2026-05-07T10:01:48.654000+00:00,1778148108654,1698427933026,19.0,72.93,371,PEN_MOVE,120,121,3,27,746,3
2026-05-07T10:01:48.669000+00:00,1778148108669,1698427933049,19.07,72.9,365,PEN_MOVE,120,119,3,27,746,3
2026-05-07T10:01:48.684000+00:00,1778148108684,1698427933060,19.18,72.85,363,PEN_MOVE,110,120,3,27,746,3
2026-05-07T10:01:48.699000+00:00,1778148108699,1698427933071,19.33,72.78,362,PEN_MOVE,111,120,3,27,746,3
2026-05-07T10:01:48.715000+00:00,1778148108715,1698427933083,19.54,72.73,359,PEN_MOVE,108,120,3,27,746,3
2026-05-07T10:01:48.716000+00:00,1778148108716,1698427933095,19.77,72.71,357,PEN_MOVE,120,117,3,27,746,3
2026-05-07T10:01:48.730000+00:00,1778148108730,1698427933106,19.94,72.72,358,PEN_MOVE,120,117,3,27,746,3
2026-05-07T10:01:48.745000+00:00,1778148108745,1698427933118,20.05,72.75,361,PEN_MOVE,119,117,3,27,746,3
2026-05-07T10:01:48.760000+00:00,1778148108760,1698427933130,20.12,72.85,363,PEN_MOVE,110,116,3,27,746,3
2026-05-07T10:01:48.774000+00:00,1778148108774,1698427933141,20.14,72.99,362,PEN_MOVE,110,117,3,27,746,3
2026-05-07T10:01:48.775000+00:00,1778148108775,1698427933153,20.12,73.17,359,PEN_MOVE,107,119,3,27,746,3
2026-05-07T10:01:48.790000+00:00,1778148108790,1698427933164,20.04,73.39,355,PEN_MOVE,99,119,3,27,746,3
2026-05-07T10:01:48.805000+00:00,1778148108805,1698427933175,19.88,73.64,351,PEN_MOVE,107,119,3,27,746,3
2026-05-07T10:01:48.820000+00:00,1778148108820,1698427933187,19.7,73.86,351,PEN_MOVE,106,117,3,27,746,3
2026-05-07T10:01:48.821000+00:00,1778148108821,1698427933199,19.57,73.99,356,PEN_MOVE,100,120,3,27,746,3
2026-05-07T10:01:48.835000+00:00,1778148108835,1698427933210,19.46,74.1,358,PEN_MOVE,108,120,3,27,746,3
2026-05-07T10:01:48.850000+00:00,1778148108850,1698427933222,19.41,74.16,393,PEN_MOVE,108,121,3,27,746,3
2026-05-07T10:01:48.865000+00:00,1778148108865,1698427933233,19.4,74.2,405,PEN_MOVE,108,121,3,27,746,3
2026-05-07T10:01:48.880000+00:00,1778148108880,1698427933256,19.42,74.24,391,PEN_MOVE,108,120,3,27,746,3
2026-05-07T10:01:48.895000+00:00,1778148108895,1698427933268,19.53,74.28,389,PEN_MOVE,106,118,3,27,746,3
2026-05-07T10:01:48.910000+00:00,1778148108910,1698427933280,19.7,74.29,383,PEN_MOVE,107,119,3,27,746,3
2026-05-07T10:01:48.925000+00:00,1778148108925,1698427933291,19.92,74.28,377,PEN_MOVE,108,117,3,27,746,3
2026-05-07T10:01:48.925000+00:00,1778148108925,1698427933303,20.17,74.21,290,PEN_MOVE,99,116,3,27,746,3
2026-05-07T10:01:48.939000+00:00,1778148108939,1698427933315,20.35,74.09,166,PEN_MOVE,106,115,3,27,746,3
2026-05-07T10:01:48.954000+00:00,1778148108954,1698427933326,20.47,74.01,1,PEN_MOVE,100,114,3,27,746,3
2026-05-07T10:01:48.954000+00:00,1778148108954,1698427933326,20.47,74.01,1,PEN_UP,100,114,3,27,746,3
2026-05-07T10:01:53.528000+00:00,1778148113528,1698427937879,-1,-1,0,PEN_DOWN,0,0,3,27,746,3
2026-05-07T10:01:53.528000+00:00,1778148113528,1698427937903,23.0,72.52,155,PEN_MOVE,111,124,3,27,746,3
2026-05-07T10:01:53.558000+00:00,1778148113558,1698427937914,22.97,72.51,210,PEN_MOVE,113,124,3,27,746,3
2026-05-07T10:01:53.602000+00:00,1778148113602,1698427937972,22.96,72.48,360,PEN_MOVE,113,125,3,27,746,3
2026-05-07T10:01:53.662000+00:00,1778148113662,1698427938041,23.01,72.43,347,PEN_MOVE,112,126,3,27,746,3
2026-05-07T10:01:53.678000+00:00,1778148113678,1698427938053,23.07,72.36,346,PEN_MOVE,112,125,3,27,746,3
2026-05-07T10:01:53.694000+00:00,1778148113694,1698427938064,23.17,72.28,345,PEN_MOVE,112,124,3,27,746,3
2026-05-07T10:01:53.709000+00:00,1778148113709,1698427938076,23.28,72.2,345,PEN_MOVE,115,123,3,27,746,3
2026-05-07T10:01:53.709000+00:00,1778148113709,1698427938087,23.44,72.15,342,PEN_MOVE,115,121,3,27,746,3
2026-05-07T10:01:53.724000+00:00,1778148113724,1698427938099,23.62,72.12,342,PEN_MOVE,115,121,3,27,746,3
2026-05-07T10:01:53.738000+00:00,1778148113738,1698427938110,23.78,72.12,342,PEN_MOVE,116,119,3,27,746,3
2026-05-07T10:01:53.754000+00:00,1778148113754,1698427938122,23.92,72.13,343,PEN_MOVE,114,117,3,27,746,3
2026-05-07T10:01:53.754000+00:00,1778148113754,1698427938133,23.99,72.17,345,PEN_MOVE,115,117,3,27,746,3
2026-05-07T10:01:53.769000+00:00,1778148113769,1698427938145,24.04,72.24,349,PEN_MOVE,114,116,3,27,746,3
2026-05-07T10:01:53.784000+00:00,1778148113784,1698427938157,24.05,72.35,370,PEN_MOVE,113,116,3,27,746,3
2026-05-07T10:01:53.799000+00:00,1778148113799,1698427938168,24.03,72.52,373,PEN_MOVE,113,117,3,27,746,3
2026-05-07T10:01:53.799000+00:00,1778148113799,1698427938179,23.97,72.7,370,PEN_MOVE,110,118,3,27,746,3
2026-05-07T10:01:53.814000+00:00,1778148113814,1698427938190,23.89,72.83,368,PEN_MOVE,111,120,3,27,746,3
2026-05-07T10:01:53.829000+00:00,1778148113829,1698427938202,23.82,72.93,368,PEN_MOVE,110,121,3,27,746,3
2026-05-07T10:01:53.844000+00:00,1778148113844,1698427938214,23.78,72.99,369,PEN_MOVE,109,121,3,27,746,3
2026-05-07T10:01:53.860000+00:00,1778148113860,1698427938226,23.77,73.01,366,PEN_MOVE,110,121,3,27,746,3
2026-05-07T10:01:53.875000+00:00,1778148113875,1698427938249,23.8,73.0,365,PEN_MOVE,110,121,3,27,746,3
2026-05-07T10:01:53.889000+00:00,1778148113889,1698427938260,23.86,73.0,365,PEN_MOVE,109,120,3,27,746,3
2026-05-07T10:01:53.905000+00:00,1778148113905,1698427938272,23.98,73.03,371,PEN_MOVE,109,119,3,27,746,3
2026-05-07T10:01:53.905000+00:00,1778148113905,1698427938283,24.13,73.1,372,PEN_MOVE,120,119,3,27,746,3
2026-05-07T10:01:53.919000+00:00,1778148113919,1698427938295,24.27,73.23,377,PEN_MOVE,119,119,3,27,746,3
2026-05-07T10:01:53.934000+00:00,1778148113934,1698427938307,24.35,73.34,384,PEN_MOVE,119,118,3,27,746,3
2026-05-07T10:01:53.949000+00:00,1778148113949,1698427938318,24.4,73.42,394,PEN_MOVE,111,116,3,27,746,3
2026-05-07T10:01:53.950000+00:00,1778148113950,1698427938330,24.4,73.5,449,PEN_MOVE,119,116,3,27,746,3
2026-05-07T10:01:53.964000+00:00,1778148113964,1698427938341,24.38,73.57,491,PEN_MOVE,118,116,3,27,746,3
2026-05-07T10:01:53.980000+00:00,1778148113980,1698427938353,24.31,73.65,477,PEN_MOVE,120,117,3,27,746,3
2026-05-07T10:01:53.994000+00:00,1778148113994,1698427938365,24.14,73.7,468,PEN_MOVE,120,119,3,27,746,3
2026-05-07T10:01:54.009000+00:00,1778148114009,1698427938376,23.96,73.71,463,PEN_MOVE,120,119,3,27,746,3
2026-05-07T10:01:54.009000+00:00,1778148114009,1698427938388,23.77,73.7,456,PEN_MOVE,120,121,3,27,746,3
2026-05-07T10:01:54.024000+00:00,1778148114024,1698427938399,23.59,73.7,449,PEN_MOVE,119,122,3,27,746,3
2026-05-07T10:01:54.039000+00:00,1778148114039,1698427938411,23.5,73.71,423,PEN_MOVE,118,123,3,27,746,3
2026-05-07T10:01:54.055000+00:00,1778148114055,1698427938422,23.45,73.72,281,PEN_MOVE,119,123,3,27,746,3
2026-05-07T10:01:54.055000+00:00,1778148114055,1698427938434,23.44,73.77,125,PEN_MOVE,120,122,3,27,746,3
2026-05-07T10:01:54.056000+00:00,1778148114056,1698427938434,23.44,73.77,125,PEN_UP,120,122,3,27,746,3
2026-05-07T10:01:54.279000+00:00,1778148114279,1698427938618,-1,-1,0,PEN_DOWN,0,0,3,27,746,3
2026-05-07T10:01:54.280000+00:00,1778148114280,1698427938642,25.59,72.56,315,PEN_MOVE,114,117,3,27,746,3
2026-05-07T10:01:54.280000+00:00,1778148114280,1698427938652,25.58,72.5,422,PEN_MOVE,115,115,3,27,746,3
2026-05-07T10:01:54.294000+00:00,1778148114294,1698427938664,25.57,72.46,507,PEN_MOVE,112,115,3,27,746,3
2026-05-07T10:01:54.310000+00:00,1778148114310,1698427938676,25.54,72.44,554,PEN_MOVE,113,116,3,27,746,3
2026-05-07T10:01:54.310000+00:00,1778148114310,1698427938688,25.51,72.44,583,PEN_MOVE,112,116,3,27,746,3
2026-05-07T10:01:54.324000+00:00,1778148114324,1698427938699,25.47,72.49,564,PEN_MOVE,109,118,3,27,746,3
2026-05-07T10:01:54.339000+00:00,1778148114339,1698427938710,25.41,72.71,554,PEN_MOVE,120,120,3,27,746,3
2026-05-07T10:01:54.354000+00:00,1778148114354,1698427938722,25.37,73.04,543,PEN_MOVE,120,119,3,27,746,3
2026-05-07T10:01:54.354000+00:00,1778148114354,1698427938733,25.38,73.31,493,PEN_MOVE,112,118,3,27,746,3
2026-05-07T10:01:54.369000+00:00,1778148114369,1698427938745,25.42,73.49,470,PEN_MOVE,112,117,3,27,746,3
2026-05-07T10:01:54.384000+00:00,1778148114384,1698427938757,25.5,73.59,450,PEN_MOVE,112,115,3,27,746,3
2026-05-07T10:01:54.400000+00:00,1778148114400,1698427938769,25.6,73.63,435,PEN_MOVE,113,115,3,27,746,3
2026-05-07T10:01:54.400000+00:00,1778148114400,1698427938780,25.74,73.62,401,PEN_MOVE,114,114,3,27,746,3
2026-05-07T10:01:54.414000+00:00,1778148114414,1698427938791,25.86,73.55,406,PEN_MOVE,114,115,3,27,746,3
2026-05-07T10:01:54.430000+00:00,1778148114430,1698427938803,25.99,73.37,408,PEN_MOVE,114,114,3,27,746,3
2026-05-07T10:01:54.445000+00:00,1778148114445,1698427938814,26.1,73.13,413,PEN_MOVE,114,113,3,27,746,3
2026-05-07T10:01:54.461000+00:00,1778148114461,1698427938826,26.17,72.9,415,PEN_MOVE,114,114,3,27,746,3
2026-05-07T10:01:54.461000+00:00,1778148114461,1698427938838,26.22,72.68,413,PEN_MOVE,115,113,3,27,746,3
2026-05-07T10:01:54.475000+00:00,1778148114475,1698427938849,26.25,72.51,410,PEN_MOVE,115,114,3,27,746,3
2026-05-07T10:01:54.503000+00:00,1778148114503,1698427938861,26.28,72.44,409,PEN_MOVE,114,114,3,27,746,3
2026-05-07T10:01:54.504000+00:00,1778148114504,1698427938884,26.31,72.51,433,PEN_MOVE,112,114,3,27,746,3
2026-05-07T10:01:54.534000+00:00,1778148114534,1698427938895,26.29,72.79,440,PEN_MOVE,112,116,3,27,746,3
2026-05-07T10:01:54.535000+00:00,1778148114535,1698427938907,26.26,73.16,443,PEN_MOVE,112,115,3,27,746,3
2026-05-07T10:01:54.550000+00:00,1778148114550,1698427938918,26.22,73.45,440,PEN_MOVE,111,114,3,27,746,3
2026-05-07T10:01:54.550000+00:00,1778148114550,1698427938930,26.19,73.67,434,PEN_MOVE,112,114,3,27,746,3
2026-05-07T10:01:54.564000+00:00,1778148114564,1698427938941,26.18,73.75,372,PEN_MOVE,112,114,3,27,746,3
2026-05-07T10:01:54.580000+00:00,1778148114580,1698427938953,26.19,73.76,168,PEN_MOVE,113,114,3,27,746,3
2026-05-07T10:01:54.595000+00:00,1778148114595,1698427938965,26.2,73.64,1,PEN_MOVE,116,111,3,27,746,3
2026-05-07T10:01:54.596000+00:00,1778148114596,1698427938965,26.2,73.64,1,PEN_UP,116,111,3,27,746,3
2026-05-07T10:01:55.090000+00:00,1778148115090,1698427939430,-1,-1,0,PEN_DOWN,0,0,3,27,746,3
2026-05-07T10:01:55.090000+00:00,1778148115090,1698427939453,29.1,74.04,250,PEN_MOVE,115,121,3,27,746,3
2026-05-07T10:01:55.178000+00:00,1778148115178,1698427939557,29.1,74.0,359,PEN_MOVE,123,119,3,27,746,3
2026-05-07T10:01:55.195000+00:00,1778148115195,1698427939568,29.11,73.91,356,PEN_MOVE,125,119,3,27,746,3
2026-05-07T10:01:55.210000+00:00,1778148115210,1698427939580,29.15,73.68,352,PEN_MOVE,124,119,3,27,746,3
2026-05-07T10:01:55.225000+00:00,1778148115225,1698427939591,29.22,73.41,350,PEN_MOVE,126,118,3,27,746,3
2026-05-07T10:01:55.225000+00:00,1778148115225,1698427939603,29.28,73.15,347,PEN_MOVE,123,120,3,27,746,3
2026-05-07T10:01:55.239000+00:00,1778148115239,1698427939614,29.33,72.91,345,PEN_MOVE,125,119,3,27,746,3
2026-05-07T10:01:55.255000+00:00,1778148115255,1698427939626,29.35,72.7,345,PEN_MOVE,126,118,3,27,746,3
2026-05-07T10:01:55.269000+00:00,1778148115269,1698427939638,29.37,72.52,344,PEN_MOVE,127,116,3,27,746,3
2026-05-07T10:01:55.270000+00:00,1778148115270,1698427939649,29.38,72.35,343,PEN_MOVE,125,117,3,27,746,3
2026-05-07T10:01:55.284000+00:00,1778148115284,1698427939660,29.38,72.23,344,PEN_MOVE,136,119,3,27,746,3
2026-05-07T10:01:55.299000+00:00,1778148115299,1698427939672,29.38,72.11,344,PEN_MOVE,127,121,3,27,746,3
2026-05-07T10:01:55.314000+00:00,1778148115314,1698427939684,29.38,71.99,344,PEN_MOVE,127,120,3,27,746,3
2026-05-07T10:01:55.329000+00:00,1778148115329,1698427939695,29.37,71.92,345,PEN_MOVE,127,117,3,27,746,3
2026-05-07T10:01:55.330000+00:00,1778148115330,1698427939706,29.37,71.86,347,PEN_MOVE,137,118,3,27,746,3
2026-05-07T10:01:55.344000+00:00,1778148115344,1698427939718,29.37,71.83,351,PEN_MOVE,127,120,3,27,746,3
2026-05-07T10:01:55.374000+00:00,1778148115374,1698427939753,29.38,71.86,352,PEN_MOVE,126,121,3,27,746,3
2026-05-07T10:01:55.389000+00:00,1778148115389,1698427939765,29.4,71.94,351,PEN_MOVE,125,122,3,27,746,3
2026-05-07T10:01:55.405000+00:00,1778148115405,1698427939777,29.44,72.17,351,PEN_MOVE,125,118,3,27,746,3
2026-05-07T10:01:55.419000+00:00,1778148115419,1698427939788,29.49,72.46,352,PEN_MOVE,124,119,3,27,746,3
2026-05-07T10:01:55.420000+00:00,1778148115420,1698427939799,29.57,72.75,351,PEN_MOVE,123,119,3,27,746,3
2026-05-07T10:01:55.434000+00:00,1778148115434,1698427939811,29.69,72.94,350,PEN_MOVE,116,117,3,27,746,3
2026-05-07T10:01:55.449000+00:00,1778148115449,1698427939822,29.82,73.07,348,PEN_MOVE,116,115,3,27,746,3
2026-05-07T10:01:55.465000+00:00,1778148115465,1698427939834,29.93,73.13,345,PEN_MOVE,124,115,3,27,746,3
2026-05-07T10:01:55.480000+00:00,1778148115480,1698427939846,30.04,73.14,341,PEN_MOVE,124,113,3,27,746,3
2026-05-07T10:01:55.481000+00:00,1778148115481,1698427939857,30.13,73.12,344,PEN_MOVE,125,112,3,27,746,3
2026-05-07T10:01:55.495000+00:00,1778148115495,1698427939869,30.22,73.05,346,PEN_MOVE,125,111,3,27,746,3
2026-05-07T10:01:55.509000+00:00,1778148115509,1698427939880,30.3,72.92,348,PEN_MOVE,125,110,3,27,746,3
2026-05-07T10:01:55.525000+00:00,1778148115525,1698427939891,30.36,72.76,355,PEN_MOVE,126,111,3,27,746,3
2026-05-07T10:01:55.525000+00:00,1778148115525,1698427939903,30.41,72.59,357,PEN_MOVE,124,112,3,27,746,3
2026-05-07T10:01:55.553000+00:00,1778148115553,1698427939915,30.42,72.43,358,PEN_MOVE,137,113,3,27,746,3
2026-05-07T10:01:55.554000+00:00,1778148115554,1698427939927,30.45,72.28,356,PEN_MOVE,124,112,3,27,746,3
2026-05-07T10:01:55.569000+00:00,1778148115569,1698427939938,30.46,72.12,351,PEN_MOVE,136,114,3,27,746,3
2026-05-07T10:01:55.569000+00:00,1778148115569,1698427939950,30.47,72.04,349,PEN_MOVE,126,113,3,27,746,3
2026-05-07T10:01:55.584000+00:00,1778148115584,1698427939960,30.47,72.01,348,PEN_MOVE,125,114,3,27,746,3
2026-05-07T10:01:55.599000+00:00,1778148115599,1698427939973,30.48,71.99,347,PEN_MOVE,125,114,3,27,746,3
2026-05-07T10:01:55.629000+00:00,1778148115629,1698427939996,30.49,72.03,355,PEN_MOVE,123,113,3,27,746,3
2026-05-07T10:01:55.629000+00:00,1778148115629,1698427940007,30.5,72.19,357,PEN_MOVE,125,113,3,27,746,3
2026-05-07T10:01:55.645000+00:00,1778148115645,1698427940019,30.51,72.57,357,PEN_MOVE,125,111,3,27,746,3
2026-05-07T10:01:55.660000+00:00,1778148115660,1698427940030,30.51,72.96,356,PEN_MOVE,124,110,3,27,746,3
2026-05-07T10:01:55.675000+00:00,1778148115675,1698427940042,30.5,73.34,354,PEN_MOVE,123,110,3,27,746,3
2026-05-07T10:01:55.676000+00:00,1778148115676,1698427940053,30.5,73.65,355,PEN_MOVE,115,114,3,27,746,3
2026-05-07T10:01:55.689000+00:00,1778148115689,1698427940065,30.5,73.88,356,PEN_MOVE,113,112,3,27,746,3
2026-05-07T10:01:55.704000+00:00,1778148115704,1698427940077,30.51,74.03,358,PEN_MOVE,116,111,3,27,746,3
2026-05-07T10:01:55.719000+00:00,1778148115719,1698427940088,30.53,74.1,356,PEN_MOVE,116,110,3,27,746,3
2026-05-07T10:01:55.749000+00:00,1778148115749,1698427940123,30.55,74.09,169,PEN_MOVE,115,111,3,27,746,3
2026-05-07T10:01:55.765000+00:00,1778148115765,1698427940135,30.52,73.96,1,PEN_MOVE,123,110,3,27,746,3
2026-05-07T10:01:55.765000+00:00,1778148115765,1698427940135,30.52,73.96,1,PEN_UP,123,110,3,27,746,3
2026-05-07T10:01:56.919000+00:00,1778148116919,1698427941270,-1,-1,0,PEN_DOWN,0,0,3,27,746,3
2026-05-07T10:01:56.919000+00:00,1778148116919,1698427941293,34.86,71.52,237,PEN_MOVE,126,114,3,27,746,3
2026-05-07T10:01:56.934000+00:00,1778148116934,1698427941304,34.84,71.6,301,PEN_MOVE,124,114,3,27,746,3
2026-05-07T10:01:56.950000+00:00,1778148116950,1698427941316,34.82,71.77,320,PEN_MOVE,116,114,3,27,746,3
2026-05-07T10:01:56.950000+00:00,1778148116950,1698427941327,34.8,72.03,329,PEN_MOVE,115,114,3,27,746,3
2026-05-07T10:01:56.965000+00:00,1778148116965,1698427941338,34.79,72.32,327,PEN_MOVE,113,117,3,27,746,3
2026-05-07T10:01:56.980000+00:00,1778148116980,1698427941350,34.79,72.62,323,PEN_MOVE,111,116,3,27,746,3
2026-05-07T10:01:56.995000+00:00,1778148116995,1698427941362,34.8,72.88,319,PEN_MOVE,110,117,3,27,746,3
2026-05-07T10:01:56.996000+00:00,1778148116996,1698427941373,34.8,73.11,315,PEN_MOVE,111,117,3,27,746,3
2026-05-07T10:01:57.010000+00:00,1778148117010,1698427941385,34.81,73.34,312,PEN_MOVE,113,116,3,27,746,3
2026-05-07T10:01:57.025000+00:00,1778148117025,1698427941397,34.8,73.53,312,PEN_MOVE,112,116,3,27,746,3
2026-05-07T10:01:57.039000+00:00,1778148117039,1698427941408,34.8,73.68,310,PEN_MOVE,112,115,3,27,746,3
2026-05-07T10:01:57.040000+00:00,1778148117040,1698427941420,34.79,73.75,304,PEN_MOVE,112,114,3,27,746,3
2026-05-07T10:01:57.054000+00:00,1778148117054,1698427941430,34.79,73.79,265,PEN_MOVE,113,114,3,27,746,3
2026-05-07T10:01:57.083000+00:00,1778148117083,1698427941454,34.75,73.72,7,PEN_MOVE,114,113,3,27,746,3
2026-05-07T10:01:57.084000+00:00,1778148117084,1698427941454,34.75,73.72,7,PEN_UP,114,113,3,27,746,3
2026-05-07T10:01:57.204000+00:00,1778148117204,1698427941556,-1,-1,0,PEN_DOWN,0,0,3,27,746,3
2026-05-07T10:01:57.204000+00:00,1778148117204,1698427941579,34.34,71.63,290,PEN_MOVE,125,114,3,27,746,3
2026-05-07T10:01:57.234000+00:00,1778148117234,1698427941613,34.34,71.63,469,PEN_MOVE,115,116,3,27,746,3
2026-05-07T10:01:57.264000+00:00,1778148117264,1698427941636,34.38,71.63,460,PEN_MOVE,113,114,3,27,746,3
2026-05-07T10:01:57.280000+00:00,1778148117280,1698427941648,34.51,71.63,453,PEN_MOVE,115,114,3,27,746,3
2026-05-07T10:01:57.281000+00:00,1778148117281,1698427941659,34.83,71.61,444,PEN_MOVE,114,114,3,27,746,3
2026-05-07T10:01:57.295000+00:00,1778148117295,1698427941671,35.16,71.58,425,PEN_MOVE,113,112,3,27,746,3
2026-05-07T10:01:57.310000+00:00,1778148117310,1698427941683,35.45,71.55,245,PEN_MOVE,114,111,3,27,746,3
2026-05-07T10:01:57.338000+00:00,1778148117338,1698427941694,35.67,71.54,26,PEN_MOVE,116,108,3,27,746,3
2026-05-07T10:01:57.339000+00:00,1778148117339,1698427941694,35.67,71.54,26,PEN_UP,116,108,3,27,746,3
2026-05-07T10:01:57.489000+00:00,1778148117489,1698427941834,-1,-1,0,PEN_DOWN,0,0,3,27,746,3
2026-05-07T10:01:57.489000+00:00,1778148117489,1698427941858,35.46,72.72,380,PEN_MOVE,114,111,3,27,746,3
2026-05-07T10:01:57.504000+00:00,1778148117504,1698427941881,35.51,72.73,414,PEN_MOVE,113,110,3,27,746,3
2026-05-07T10:01:57.519000+00:00,1778148117519,1698427941892,35.54,72.75,407,PEN_MOVE,110,110,3,27,746,3
2026-05-07T10:01:57.534000+00:00,1778148117534,1698427941903,35.6,72.75,395,PEN_MOVE,110,110,3,27,746,3
2026-05-07T10:01:57.535000+00:00,1778148117535,1698427941915,35.73,72.75,383,PEN_MOVE,111,111,3,27,746,3
2026-05-07T10:01:57.549000+00:00,1778148117549,1698427941926,35.95,72.73,338,PEN_MOVE,113,110,3,27,746,3
2026-05-07T10:01:57.564000+00:00,1778148117564,1698427941938,36.19,72.64,238,PEN_MOVE,114,107,3,27,746,3
2026-05-07T10:01:57.579000+00:00,1778148117579,1698427941950,36.33,72.47,178,PEN_MOVE,115,107,3,27,746,3
2026-05-07T10:01:57.595000+00:00,1778148117595,1698427941961,36.38,72.36,182,PEN_MOVE,114,107,3,27,746,3
2026-05-07T10:01:57.596000+00:00,1778148117596,1698427941973,36.36,72.32,255,PEN_MOVE,115,108,3,27,746,3
2026-05-07T10:01:57.610000+00:00,1778148117610,1698427941984,36.28,72.32,346,PEN_MOVE,112,109,3,27,746,3
2026-05-07T10:01:57.625000+00:00,1778148117625,1698427941996,36.08,72.37,419,PEN_MOVE,112,109,3,27,746,3
2026-05-07T10:01:57.653000+00:00,1778148117653,1698427942007,35.83,72.48,444,PEN_MOVE,112,110,3,27,746,3
2026-05-07T10:01:57.654000+00:00,1778148117654,1698427942019,35.59,72.7,465,PEN_MOVE,112,112,3,27,746,3
2026-05-07T10:01:57.654000+00:00,1778148117654,1698427942030,35.47,72.87,474,PEN_MOVE,110,114,3,27,746,3
2026-05-07T10:01:57.669000+00:00,1778148117669,1698427942042,35.39,73.06,463,PEN_MOVE,110,117,3,27,746,3
2026-05-07T10:01:57.684000+00:00,1778148117684,1698427942054,35.39,73.29,451,PEN_MOVE,111,116,3,27,746,3
2026-05-07T10:01:57.700000+00:00,1778148117700,1698427942066,35.44,73.45,434,PEN_MOVE,112,114,3,27,746,3
2026-05-07T10:01:57.700000+00:00,1778148117700,1698427942076,35.59,73.56,294,PEN_MOVE,110,112,3,27,746,3
2026-05-07T10:01:57.714000+00:00,1778148117714,1698427942088,35.78,73.6,168,PEN_MOVE,113,110,3,27,746,3
2026-05-07T10:01:57.730000+00:00,1778148117730,1698427942100,35.95,73.59,3,PEN_MOVE,111,110,3,27,746,3
2026-05-07T10:01:57.730000+00:00,1778148117730,1698427942100,35.95,73.59,3,PEN_UP,111,110,3,27,746,3
2026-05-07T10:01:57.849000+00:00,1778148117849,1698427942198,-1,-1,0,PEN_DOWN,0,0,3,27,746,3
2026-05-07T10:01:57.850000+00:00,1778148117850,1698427942221,36.95,72.52,295,PEN_MOVE,115,107,3,27,746,3
2026-05-07T10:01:57.865000+00:00,1778148117865,1698427942232,36.84,72.57,367,PEN_MOVE,112,110,3,27,746,3
2026-05-07T10:01:57.865000+00:00,1778148117865,1698427942244,36.74,72.63,399,PEN_MOVE,111,112,3,27,746,3
2026-05-07T10:01:57.880000+00:00,1778148117880,1698427942255,36.7,72.68,390,PEN_MOVE,111,110,3,27,746,3
2026-05-07T10:01:57.895000+00:00,1778148117895,1698427942267,36.71,72.71,370,PEN_MOVE,113,111,3,27,746,3
2026-05-07T10:01:57.910000+00:00,1778148117910,1698427942278,36.84,72.74,338,PEN_MOVE,111,111,3,27,746,3
2026-05-07T10:01:57.911000+00:00,1778148117911,1698427942289,37.21,72.75,327,PEN_MOVE,112,111,3,27,746,3
2026-05-07T10:01:57.925000+00:00,1778148117925,1698427942300,37.6,72.79,332,PEN_MOVE,119,109,3,27,746,3
2026-05-07T10:01:57.939000+00:00,1778148117939,1698427942313,37.92,72.92,339,PEN_MOVE,109,109,3,27,746,3
2026-05-07T10:01:57.954000+00:00,1778148117954,1698427942324,38.11,73.1,347,PEN_MOVE,109,111,3,27,746,3
2026-05-07T10:01:57.969000+00:00,1778148117969,1698427942336,38.16,73.28,355,PEN_MOVE,110,111,3,27,746,3
2026-05-07T10:01:57.970000+00:00,1778148117970,1698427942348,38.13,73.42,402,PEN_MOVE,119,111,3,27,746,3
2026-05-07T10:01:57.984000+00:00,1778148117984,1698427942359,38.07,73.55,469,PEN_MOVE,119,110,3,27,746,3
2026-05-07T10:01:57.999000+00:00,1778148117999,1698427942370,37.94,73.65,468,PEN_MOVE,120,110,3,27,746,3
2026-05-07T10:01:58.015000+00:00,1778148118015,1698427942382,37.74,73.71,486,PEN_MOVE,120,111,3,27,746,3
2026-05-07T10:01:58.016000+00:00,1778148118016,1698427942394,37.53,73.73,468,PEN_MOVE,120,111,3,27,746,3
2026-05-07T10:01:58.030000+00:00,1778148118030,1698427942405,37.34,73.72,311,PEN_MOVE,120,110,3,27,746,3
2026-05-07T10:01:58.045000+00:00,1778148118045,1698427942417,37.16,73.71,136,PEN_MOVE,109,110,3,27,746,3
2026-05-07T10:01:58.046000+00:00,1778148118046,1698427942417,37.16,73.71,136,PEN_UP,109,110,3,27,746,3
2026-05-07T10:01:58.194000+00:00,1778148118194,1698427942537,-1,-1,0,PEN_DOWN,0,0,3,27,746,3
2026-05-07T10:01:58.194000+00:00,1778148118194,1698427942561,38.79,71.48,370,PEN_MOVE,113,109,3,27,746,3
2026-05-07T10:01:58.195000+00:00,1778148118195,1698427942571,38.78,71.54,453,PEN_MOVE,110,110,3,27,746,3
2026-05-07T10:01:58.209000+00:00,1778148118209,1698427942583,38.76,71.7,473,PEN_MOVE,109,110,3,27,746,3
2026-05-07T10:01:58.225000+00:00,1778148118225,1698427942594,38.68,72.1,507,PEN_MOVE,110,112,3,27,746,3
2026-05-07T10:01:58.240000+00:00,1778148118240,1698427942606,38.5,72.71,484,PEN_MOVE,109,110,3,27,746,3
2026-05-07T10:01:58.240000+00:00,1778148118240,1698427942618,38.26,73.29,465,PEN_MOVE,120,110,3,27,746,3
2026-05-07T10:01:58.254000+00:00,1778148118254,1698427942629,38.13,73.66,370,PEN_MOVE,113,110,3,27,746,3
2026-05-07T10:01:58.269000+00:00,1778148118269,1698427942641,38.08,73.83,230,PEN_MOVE,113,110,3,27,746,3
2026-05-07T10:01:58.284000+00:00,1778148118284,1698427942652,38.04,73.9,67,PEN_MOVE,112,109,3,27,746,3
2026-05-07T10:01:58.285000+00:00,1778148118285,1698427942652,38.04,73.9,67,PEN_UP,112,109,3,27,746,3
2026-05-07T10:01:58.404000+00:00,1778148118404,1698427942746,-1,-1,0,PEN_DOWN,0,0,3,27,746,3
2026-05-07T10:01:58.404000+00:00,1778148118404,1698427942770,37.75,72.51,291,PEN_MOVE,114,113,3,27,746,3
2026-05-07T10:01:58.419000+00:00,1778148118419,1698427942793,37.83,72.49,270,PEN_MOVE,113,111,3,27,746,3
2026-05-07T10:01:58.434000+00:00,1778148118434,1698427942804,38.12,72.46,200,PEN_MOVE,111,109,3,27,746,3
2026-05-07T10:01:58.450000+00:00,1778148118450,1698427942815,38.55,72.43,1,PEN_MOVE,112,105,3,27,746,3
2026-05-07T10:01:58.450000+00:00,1778148118450,1698427942815,38.55,72.43,1,PEN_UP,112,105,3,27,746,3
